DATE,MSCI,LOW,MOM,Dynamic
2010-12-05,0.008671803088015295,0.0025415954446583733,0.015914525782086963,0.0025415954446583733
2010-12-12,0.020163182122990175,0.008926201784525523,0.013874083328107911,0.008926201784525523
2010-12-19,0.007600642073198438,0.010288259020383217,0.002857686574265106,0.010288259020383217
2010-12-26,0.00871292479861352,0.005408224990576027,0.007195018201024084,0.005408224990576027
2011-01-02,0.005046808643833556,0.003950859710909693,1.2560210508993919e-05,1.2560210508993919e-05
2011-01-09,0.005318705557229908,-0.005657607893205685,0.004397588469871705,0.004397588469871705
2011-01-16,0.011096385986763435,-0.00013888209521539796,0.008980196673341378,0.008980196673341378
2011-01-23,0.005263594239153679,0.0059177232053546636,-0.007233309475341176,0.0059177232053546636
2011-01-30,0.0038895995568060115,0.0026079684160524863,0.001936590321417686,0.0026079684160524863
2011-02-06,0.014087248789600215,0.0061231348648822514,0.01411243221017422,0.0061231348648822514
2011-02-13,0.010547226532025,0.005285211137254331,0.017572824629599415,0.005285211137254331
2011-02-20,0.01094078938196219,0.006815211675781807,0.012592048128398536,0.006815211675781807
2011-02-27,-0.011405910076643044,-0.002035487053860252,-0.016975603066906264,-0.002035487053860252
2011-03-06,0.005940512051475499,0.0079395046396884,0.010180208183285577,0.0079395046396884
2011-03-13,-0.015328898301522176,-0.005082185965725294,-0.011796244234339448,-0.005082185965725294
2011-03-20,-0.03244614717681171,-0.026689853062168423,-0.029876816987408406,-0.026689853062168423
2011-03-27,0.02889591810927916,0.022376981181504885,0.031017692187255363,0.031017692187255363
2011-04-03,0.012888334406145674,0.010457175802353058,0.021843219019879845,0.010457175802353058
2011-04-10,0.01100814841293829,0.009340517219518008,0.009919824043869818,0.009340517219518008
2011-04-17,-0.006643664881956113,0.0038188779868488787,-0.00877025177685875,0.0038188779868488787
2011-04-24,0.00743865693910295,0.00932232519180265,0.020137765175694877,0.00932232519180265
2011-05-01,0.022850915999480748,0.015829863068502315,0.024564339505948496,0.015829863068502315
2011-05-08,-0.005908380250177259,0.0038121880983239542,-0.010651156514760896,0.0038121880983239542
2011-05-15,-0.011560735332176497,0.0005382454172133677,-0.0053707096055449766,0.0005382454172133677
2011-05-22,-0.009090554004861473,-0.0016422237021411767,-0.00925932608272062,-0.0016422237021411767
2011-05-29,-0.0069236706890142274,-0.0038514130368625388,-0.005811480186480034,-0.0038514130368625388
2011-06-05,0.0029673499902729272,0.0036650865274869826,0.0038320015357309334,0.0036650865274869826
2011-06-12,-0.02299187491111898,-0.013658780482261546,-0.022197697605637945,-0.013658780482261546
2011-06-19,-0.011044475692316147,-0.00620638578011834,-0.009157684153952017,-0.009157684153952017
2011-06-26,-0.00010712319752848032,0.0022655420657173853,0.005336861106005175,0.005336861106005175
2011-07-03,0.02966370065671775,0.01615920105354096,0.03215992134622647,0.01615920105354096
2011-07-10,0.017891484702507343,0.012601294521010109,0.022094249048187242,0.012601294521010109
2011-07-17,-0.023761706908740465,-0.0072937375346459055,-0.01972433662640527,-0.0072937375346459055
2011-07-24,0.014777820159340038,0.006306374801030135,0.01512569237324235,0.006306374801030135
2011-07-31,-0.009933273822710587,-0.010947904819698429,-0.016055278354783598,-0.010947904819698429
2011-08-07,-0.06595454089650954,-0.03654481270072407,-0.061161418379620636,-0.03654481270072407
2011-08-14,-0.05547570157426418,-0.0267397901775851,-0.04957221631512587,-0.0267397901775851
2011-08-21,0.0015227869582330467,0.011348745788094305,-0.00043578652964326725,0.011348745788094305
2011-08-28,-0.004967303417839908,0.006216971002607652,0.0021506006064628824,0.006216971002607652
2011-09-04,0.02830600287283591,0.020313875911028845,0.033434842882048565,0.020313875911028845
2011-09-11,-0.0337604693200243,-0.014795400955699645,-0.012921142702758459,-0.014795400955699645
2011-09-18,0.007513151021955045,0.006182917086387185,0.011155226326970524,0.006182917086387185
2011-09-25,-0.03309783122459453,-0.014562407853512038,-0.013455772998749005,-0.014562407853512038
2011-10-02,-0.0011721923856892191,0.004366207773387698,-0.00854091391288403,0.004366207773387698
2011-10-09,-0.007892992026640733,-0.005706692347349218,-0.012273314551150216,-0.005706692347349218
2011-10-16,0.061143917647401125,0.027215307926218957,0.04634433597281529,0.027215307926218957
2011-10-23,0.006791722310115267,0.009354785508786545,0.0031354453219751832,0.009354785508786545
2011-10-30,0.042112942768431694,0.018820871221405078,0.021643617491817313,0.021643617491817313
2011-11-06,-0.025702424256275558,-0.017380528106269666,-0.008705849826749157,-0.008705849826749157
2011-11-13,0.0007429633899049826,0.00402178805119302,0.005930470974405688,0.00402178805119302
2011-11-20,-0.022832033155958276,-0.014431606680016196,-0.017590550125527238,-0.014431606680016196
2011-11-27,-0.05395167504261411,-0.03097773072107557,-0.03705776998999799,-0.03097773072107557
2011-12-04,0.058370727910981524,0.030307172281939687,0.04331491641531926,0.030307172281939687
2011-12-11,0.015197902752978942,0.010733318259072977,0.012746089197928523,0.010733318259072977
2011-12-18,-0.03300997431653219,-0.01098668868021857,-0.017622682860291006,-0.01098668868021857
2011-12-25,0.01691028891024904,0.018516509107177725,0.020784076452883937,0.020784076452883937
2012-01-01,0.009608471558062215,0.010540463019872659,0.010038344805365584,0.010540463019872659
2012-01-08,0.013353623130757164,0.0016640824191154202,0.004250792227294742,0.0016640824191154202
2012-01-15,0.005828651248377836,-0.0005642975345784285,-0.0029337420794210978,-0.0005642975345784285
2012-01-22,0.019334493640914774,0.007570068701715282,0.004296347278303969,0.004296347278303969
2012-01-29,0.01603470365002746,0.0037545867060293503,0.006197741161261261,0.0037545867060293503
2012-02-05,0.012438566541138396,0.0062539948513473664,0.011050635734998648,0.0062539948513473664
2012-02-12,0.012408752166731984,0.0025153427950554974,0.011712343777808165,0.0025153427950554974
2012-02-19,0.005748826966719189,0.0011036563579340797,0.008907542989398776,0.0011036563579340797
2012-02-26,0.01209076543496046,0.007635385933187466,0.007439792152698077,0.007439792152698077
2012-03-04,0.003342011346454399,0.004269296250905885,0.009285773542697218,0.004269296250905885
2012-03-11,-0.011060644569959699,-0.0004193148160772653,0.00016297585406443993,-0.0004193148160772653
2012-03-18,0.021270107595610988,0.006674214885882934,0.016884381097314716,0.016884381097314716
2012-03-25,0.0005519821592412377,0.00031077961285741473,0.003246676337024468,0.00031077961285741473
2012-04-01,0.002685844777024382,0.0076526142928221574,0.009844622194566943,0.0076526142928221574
2012-04-08,-0.011112738123913668,-0.004930859017305722,0.003145480177423554,-0.004930859017305722
2012-04-15,-0.02112370931231511,-0.011801533570342304,-0.015092642610939455,-0.011801533570342304
2012-04-22,0.007760080630724087,0.012989217432851419,0.005429078142531463,0.012989217432851419
2012-04-29,0.006392882250614296,0.0058306685719515805,0.009582501446859348,0.0058306685719515805
2012-05-06,-0.00464980199618914,0.0031267305381461608,0.0013206706209070163,0.0031267305381461608
2012-05-13,-0.025348236219404074,-0.011491477884325474,-0.01682969520830302,-0.011491477884325474
2012-05-20,-0.039669196681595964,-0.02301445938693414,-0.026285435675976965,-0.02301445938693414
2012-05-27,-0.0033720207067363672,-0.002755395551720219,0.004693975944982665,-0.002755395551720219
2012-06-03,-0.014572178407834757,-0.007022081716721695,-0.010822171782041368,-0.007022081716721695
2012-06-10,0.005551705228615811,0.004992667772932613,0.004884389818357926,0.004992667772932613
2012-06-17,0.01700778156367977,0.012878049717047535,0.01653308120420327,0.012878049717047535
2012-06-24,0.012742007594836346,0.00812000644482569,0.01239437651846953,0.00812000644482569
2012-07-01,-0.00014715428754485949,0.005542093350663135,0.000743327797814608,0.005542093350663135
2012-07-08,0.022138801820137832,0.018354685322095277,0.01823695100323408,0.018354685322095277
2012-07-15,-0.014398821848298216,0.00031597993948184744,-0.00702287865624085,0.00031597993948184744
2012-07-22,0.01062725147756094,0.008186878660729313,0.010147270238480166,0.010147270238480166
2012-07-29,-0.004584148936121579,-0.0031612199410996356,-0.000936983756678722,-0.000936983756678722
2012-08-05,0.020197703114444243,0.010351637563308813,0.014471436769936341,0.010351637563308813
2012-08-12,0.019656387109561857,0.0037172425065739034,0.005495841838002891,0.0037172425065739034
2012-08-19,0.006946972401191687,0.0028779796657791845,0.004911204093605459,0.0028779796657791845
2012-08-26,0.003256261459105403,0.00177196832905957,3.9895526915412205e-06,0.00177196832905957
2012-09-02,-0.005193895369050017,-0.0007320343458565581,0.0009787663554379211,-0.0007320343458565581
2012-09-09,0.0114908877348181,0.003952143703443545,0.009412743140389201,0.003952143703443545
2012-09-16,0.027343060757431648,0.007937205240044376,0.009660589532869412,0.009660589532869412
2012-09-23,0.006913992204414576,0.0046494723358612156,0.009987902931453574,0.0046494723358612156
2012-09-30,-0.014697640495982434,0.000854414277689175,-0.005418242362446479,0.000854414277689175
2012-10-07,0.0077906007942825095,0.005815636391954371,0.012226963165981486,0.012226963165981486
2012-10-14,-0.012515162682306902,-0.01075471450045784,-0.015465107036540249,-0.01075471450045784
2012-10-21,0.012852443900969845,0.004343781149628967,0.0018282416456254502,0.004343781149628967
2012-10-28,-0.017620931068761947,-0.011495824612401062,-0.01885865432732592,-0.011495824612401062
2012-11-04,0.0010123606174063937,0.0005919993812271152,-0.00038948341780975504,0.0005919993812271152
2012-11-11,-0.012876369133192678,-0.01121903504703492,-0.01373927840625977,-0.01121903504703492
2012-11-18,-0.02059124605124929,-0.015316117140670382,-0.01839865087310233,-0.015316117140670382
2012-11-25,0.027007353183279736,0.01576733899626115,0.027106351464010636,0.01576733899626115
2012-12-02,0.013059753223346737,0.009319265251090503,0.011387536085854855,0.009319265251090503
2012-12-09,0.006645842456755036,0.003700733519635735,0.0019661640560961757,0.003700733519635735
2012-12-16,0.007197163448385391,0.00037167633445522874,-0.0007996527823447286,-0.0007996527823447286
2012-12-23,0.013058122098798197,0.0011257386269249992,0.0037079352710596147,0.0011257386269249992
2012-12-30,-0.007826399410761242,-0.011103983359580627,-0.010525363292893664,-0.011103983359580627
2013-01-06,0.02046080775644943,0.013672904981063105,0.019780971302018502,0.013672904981063105
2013-01-13,0.010848364294488322,0.00841764402033962,0.00895328798421735,0.00841764402033962
2013-01-20,0.00764132049243238,0.00706203924902149,0.006179097210324835,0.006179097210324835
2013-01-27,0.010117624449606843,0.007910456341135408,0.008480087668539582,0.007910456341135408
2013-02-03,0.0094215416443173,0.010273418774294107,0.007958128741678339,0.010273418774294107
2013-02-10,-0.0030516753527422003,0.002990657144204878,-0.002377782843440146,0.002990657144204878
2013-02-17,0.0024501636553628803,0.002299181428712549,0.003875631368122745,0.002299181428712549
2013-02-24,-0.002394649677490923,0.00840649146626693,0.0028181624976895137,0.00840649146626693
2013-03-03,-0.004507696047048593,0.006884271490967153,0.002067867174959881,0.002067867174959881
2013-03-10,0.018050990877559236,0.016119863171940585,0.021370585754527882,0.021370585754527882
2013-03-17,0.011846483988632528,0.008832241159663301,0.0071529566289212365,0.0071529566289212365
2013-03-24,-0.005114943908735792,0.008040535279871586,0.00224086500795595,0.00224086500795595
2013-03-31,0.0019300577888419213,0.01592841090557573,0.010177873049089348,0.010177873049089348
2013-04-07,-0.005323660449772061,-0.0007549238440561767,0.0015392361015151845,0.0015392361015151845
2013-04-14,0.018191931458686472,0.012713258589241327,0.01674121068442913,0.01674121068442913
2013-04-21,-0.016602446652119518,-0.003751138456023151,-0.00739616692587064,-0.00739616692587064
2013-04-28,0.01894875802990348,0.012030714804519782,0.01298624105145274,0.012030714804519782
2013-05-05,0.017900350694498135,0.00961434759504054,0.012270543419838686,0.00961434759504054
2013-05-12,0.013743857464977971,-0.00020587721172282691,0.009841428833102794,-0.00020587721172282691
2013-05-19,0.01061606021839867,0.002810996884008654,0.008713451433701502,0.002810996884008654
2013-05-26,-0.0029201110626098092,-0.010147659258197272,-0.006966313362324783,-0.010147659258197272
2013-06-02,-0.012902465651539408,-0.023761218799701056,-0.015143214721226261,-0.015143214721226261
2013-06-09,-0.011222090714479771,-0.014340184457805827,-0.02279119725644474,-0.014340184457805827
2013-06-16,-0.0008118340659458712,0.002856883298961277,0.013327966580052308,0.002856883298961277
2013-06-23,-0.01223006860889897,-0.009038376256043978,-0.005560974463234336,-0.009038376256043978
2013-06-30,-0.014073234022986325,-0.005411773694672828,-0.004155055908900862,-0.005411773694672828
2013-07-07,0.015263485181187919,0.013119150585241712,0.03062365162659253,0.013119150585241712
2013-07-14,0.02645797017330498,0.02188857415210621,0.025192057921352706,0.02188857415210621
2013-07-21,0.016043031409372244,0.009793938398161783,0.013049675021648444,0.009793938398161783
2013-07-28,0.0065817030412913535,0.0012819957669207849,0.000637482178215576,0.0012819957669207849
2013-08-04,0.002849209074402115,0.0014651342602907125,-0.006202350866035711,0.0014651342602907125
2013-08-11,0.0035418715227364395,0.000978162441702679,0.0032019157980878177,0.000978162441702679
2013-08-18,-0.0062704614964245176,-0.012086639984678516,-0.018364477932065304,-0.012086639984678516
2013-08-25,-0.008684699718087163,-0.010948934086729034,-0.01219730332499347,-0.010948934086729034
2013-09-01,-0.013602000326539243,-0.010073372793731772,-0.011808108777173532,-0.010073372793731772
2013-09-08,0.010082269474000594,0.00141508095155074,0.010304639233246649,0.010304639233246649
2013-09-15,0.023878069869214258,0.015536471534576712,0.023350453095906554,0.015536471534576712
2013-09-22,0.019142355987255222,0.01745707828673293,0.019318891839108288,0.01745707828673293
2013-09-29,-0.0020799991530369155,-0.000696856374440058,0.007308395355466235,-0.000696856374440058
2013-10-06,-0.0046223849893963775,-0.007262294171276884,-0.008647230155071295,-0.007262294171276884
2013-10-13,-0.0031030060148717897,-0.0019618389409225,-0.004731063348640707,-0.004731063348640707
2013-10-20,0.025598049292290925,0.02056526273364878,0.025227158476117006,0.02056526273364878
2013-10-27,0.015645377014180895,0.016373660466137974,0.01109302654614952,0.016373660466137974
2013-11-03,-0.0008625270159814402,0.0034498919881744694,-0.0013395031660984325,0.0034498919881744694
2013-11-10,-0.003437676994650807,-0.0019062852913105388,-0.00939551659297011,-0.0019062852913105388
2013-11-17,0.008642909003943489,0.005918993225095592,0.01496982065152852,0.005918993225095592
2013-11-24,0.005549499216461307,0.00015590953964395027,0.010669217037555523,0.00015590953964395027
2013-12-01,0.004498101087851314,-0.003884508604928283,0.005806175218915577,-0.003884508604928283
2013-12-08,-0.009249006818625838,-0.008314410546750084,-0.00745443147794056,-0.008314410546750084
2013-12-15,-0.007951540470542473,-0.010034365754101215,-0.0020360263850462967,-0.010034365754101215
2013-12-22,0.010861008871773992,0.0036650177636228243,0.014141798338061173,0.014141798338061173
2013-12-29,0.019954939801489102,0.011604340037319805,0.018188921416441906,0.011604340037319805
2014-01-05,0.003359824749943785,0.0032194686001703055,0.001962491648155318,0.0032194686001703055
2014-01-12,-0.000809363137356911,-0.0034866496104052347,0.006012783291651669,-0.0034866496104052347
2014-01-19,0.0034037385684444477,0.0009702422998940641,0.002037284230080205,0.002037284230080205
2014-01-26,-0.008913065846514412,-0.005012929317823822,-0.009317808380151948,-0.005012929317823822
2014-02-02,-0.02255649890555733,-0.015399917136788677,-0.022101470022823366,-0.015399917136788677
2014-02-09,-0.006881444416856897,-0.008786148605277488,-0.007742097393159342,-0.008786148605277488
2014-02-16,0.03100620041473645,0.024614672123802528,0.03507333553933578,0.024614672123802528
2014-02-23,0.011158653409970354,0.011844409417049118,0.013685492278621592,0.011844409417049118
2014-03-02,0.00845295013732561,0.008371263121897954,0.01305077085321149,0.008371263121897954
2014-03-09,0.004380933502250883,0.0044687382290482525,0.004273063637913799,0.0044687382290482525
2014-03-16,-0.012451050381305562,-0.004315553684042794,-0.015283023710849553,-0.004315553684042794
2014-03-23,0.0005316144027929237,-0.003223792376009338,-0.005534986911926554,-0.003223792376009338
2014-03-30,0.0009278532310883492,0.004283629630792207,-0.017713558720583333,0.004283629630792207
2014-04-06,0.014790726775776308,0.010625585900880807,0.011379532236363454,0.010625585900880807
2014-04-13,-0.01567424872996781,-0.007146116942530312,-0.031460147401896954,-0.007146116942530312
2014-04-20,0.006301031248670652,0.007205648421160227,0.005953066950525221,0.007205648421160227
2014-04-27,0.008014281099689047,0.004369509898801027,0.00928190237338411,0.004369509898801027
2014-05-04,0.006804600360948987,0.010288877902155047,0.0017594369801665621,0.010288877902155047
2014-05-11,0.0004073824675758786,0.0027545993276827385,0.0003842330533132543,0.0003842330533132543
2014-05-18,0.0034887683086120003,0.004984162021427041,0.0031787449363529507,0.004984162021427041
2014-05-25,0.002095244220071679,0.0003840076245165136,0.008345094818958732,0.0003840076245165136
2014-06-01,0.01211551987924575,0.005897543778200065,0.020125107522229735,0.005897543778200065
2014-06-08,0.009106983034855798,0.006276427220127001,0.012387676188100105,0.006276427220127001
2014-06-15,0.0028332670415449623,-0.0002669536468136169,0.002053149262867038,-0.0002669536468136169
2014-06-22,0.0063811203051709064,0.0069384665839504756,0.007809195551542691,0.0069384665839504756
2014-06-29,0.00015409596411775084,0.0017767985116421414,0.0015694526729006508,0.0017767985116421414
2014-07-06,0.010744903399829253,0.0076696172179384625,0.00928989279543635,0.0076696172179384625
2014-07-13,-0.009901148646567992,-0.0015244816233555003,-0.011305375484453983,-0.011305375484453983
2014-07-20,0.0020154593194470216,0.0036928300003298276,-0.0003632837333850114,-0.0003632837333850114
2014-07-27,0.003218248661856382,0.00037883186081488773,0.007525246160444254,0.00037883186081488773
2014-08-03,-0.014716292965708977,-0.011059342700106778,-0.016647532686139277,-0.011059342700106778
2014-08-10,-0.016714435505472913,-0.009803073107523375,-0.017891742386518694,-0.009803073107523375
2014-08-17,0.009877341229755476,0.013822939938365364,0.009748898103432602,0.013822939938365364
2014-08-24,0.01555689431349383,0.012559821678992611,0.02019945909398224,0.012559821678992611
2014-08-31,0.007587515196205263,0.004766608780030213,0.010008430511629918,0.004766608780030213
2014-09-07,0.0013932096174731345,0.001536256108460643,0.00392259414225915,0.001536256108460643
2014-09-14,-0.008577551646471337,-0.010107396154646175,-0.006339096993470461,-0.010107396154646175
2014-09-21,0.001794914657504476,-0.0008903979276732032,0.002515056482364608,-0.0008903979276732032
2014-09-28,-0.013155592843770103,-0.008968163196430012,-0.01295092312234769,-0.008968163196430012
2014-10-05,-0.017795932915973367,-0.006624697439632898,-0.013883349365365838,-0.006624697439632898
2014-10-12,-0.018993877193145825,-0.003923358804613364,-0.024203221809169673,-0.003923358804613364
2014-10-19,-0.025386322483156643,-0.014647457787130835,-0.03306597855404958,-0.014647457787130835
2014-10-26,0.029938750444693962,0.024750058668826957,0.041126848759228896,0.024750058668826957
2014-11-02,0.022869584637452256,0.021292950715485315,0.02562236926688155,0.021292950715485315
2014-11-09,0.007253194378225469,0.0082073834583416,0.00792662948025269,0.0082073834583416
2014-11-16,0.007460071444031824,0.007903795867934882,0.004260150315752886,0.007903795867934882
2014-11-23,0.007924226019689673,0.005290217886501525,0.010712122876409103,0.005290217886501525
2014-11-30,0.007610182882751504,0.003302741053871072,0.014632208747971998,0.003302741053871072
2014-12-07,-0.002762778157808121,0.0018084644503035818,0.0036247304438492556,0.0018084644503035818
2014-12-14,-0.023339018097617736,-0.012127398915300014,-0.01395732334465749,-0.01395732334465749
2014-12-21,-0.0024412323800193647,-6.683377013283476e-05,0.00014463310603907154,0.00014463310603907154
2014-12-28,0.021092257049824203,0.015980622623886553,0.014375984033281997,0.014375984033281997
2015-01-04,-0.008089919259567702,-0.0052815089832886075,-0.008228039913782514,-0.0052815089832886075
2015-01-11,-0.020901611690917865,-0.0027681117148160572,-0.006497104147865529,-0.0027681117148160572
2015-01-18,-0.0020180754944864043,0.01268125286606403,0.001813838640224441,0.01268125286606403
2015-01-25,0.016091816690369853,0.015134188724531095,0.016563752945857546,0.015134188724531095
2015-02-01,-0.005008202654562477,-0.0051555231091495735,-0.0072568762972147205,-0.0051555231091495735
2015-02-08,0.015519578011834678,0.0044129408576134566,0.005226789594945158,0.005226789594945158
2015-02-15,0.012603320133966589,0.002311001925282996,0.011820986257561561,0.002311001925282996
2015-02-22,0.014648865305325387,0.006861415698949935,0.017034198849415594,0.006861415698949935
2015-03-01,0.007107096348318853,0.006784037199292214,0.00910602624888357,0.006784037199292214
2015-03-08,-0.009039307184977585,-0.007608381004519216,-0.00716715059005979,-0.007608381004519216
2015-03-15,-0.01919142489122172,-0.015147899849500268,-0.013253529885141502,-0.015147899849500268
2015-03-22,0.021304187023948762,0.020229821440776563,0.026478484783049705,0.020229821440776563
2015-03-29,-0.000999283963243447,0.0052043163962927075,-0.007936092336750078,0.0052043163962927075
2015-04-05,-0.003393220266640573,-0.00403569487589206,-0.006195804908591951,-0.00403569487589206
2015-04-12,0.0141617772121847,0.010152425108115315,0.012052197802197684,0.012052197802197684
2015-04-19,0.0021799366198587133,-1.561873903987987e-05,-0.0019300355332843022,-0.0019300355332843022
2015-04-26,0.009404474574720378,0.00801307685886088,0.012392251148656275,0.00801307685886088
2015-05-03,0.0005939695984176208,-0.0034323701787728478,-0.007952022795798541,-0.0034323701787728478
2015-05-10,-0.003286051579715843,-0.004577601279026289,-0.004559417304482616,-0.004577601279026289
2015-05-17,0.008904311095378148,0.007492603538344467,0.010047462471639568,0.007492603538344467
2015-05-24,0.004641343458823055,0.002292918309239056,0.008892611725498822,0.002292918309239056
2015-05-31,-0.00989848134990079,-0.012613403554773805,-0.005585756987090407,-0.012613403554773805
2015-06-07,-0.007685549397463021,-0.010943812686266097,-0.007518743165389141,-0.010943812686266097
2015-06-14,-0.0025690817896925067,-0.005265101118342441,-0.00540001009853297,-0.005265101118342441
2015-06-21,0.0016380686923291865,0.005006907214909928,0.0033415436553732025,0.005006907214909928
2015-06-28,0.008322697689989278,0.00246885521931528,0.01617591385374917,0.00246885521931528
2015-07-05,-0.022644487506787714,-0.010239672313046788,-0.019439445456097437,-0.019439445456097437
2015-07-12,-0.00745693827030991,0.0037684464739091705,-0.007313143073732542,0.0037684464739091705
2015-07-19,0.02586432550474571,0.015863612102620994,0.030775231469640563,0.015863612102620994
2015-07-26,-0.007510420491307013,-0.005886399668231901,0.0019389685715169858,-0.005886399668231901
2015-08-02,-0.002116465339937923,0.0054698681962745965,-0.003185854170665081,0.0054698681962745965
2015-08-09,-0.0013023880844343916,0.007429236682666485,-0.0025420999253784604,0.007429236682666485
2015-08-16,-0.003082634030693421,0.005259497312604555,-0.008017570515124417,0.005259497312604555
2015-08-23,-0.0290428529688862,-0.013145029005800835,-0.02813809529360789,-0.013145029005800835
2015-08-30,-0.03800631238484864,-0.041355515158788214,-0.03281154124741048,-0.041355515158788214
2015-09-06,-0.012212442787706834,-0.013002149451134093,-0.010901493505564686,-0.013002149451134093
2015-09-13,0.008214745393915868,0.003854510096736874,0.011141247210106675,0.003854510096736874
2015-09-20,0.00845537639762517,0.00997174993341532,0.010472857280491299,0.00997174993341532
2015-09-27,-0.022138892899948748,-0.0040824123253351274,-0.018876474075528504,-0.0040824123253351274
2015-10-04,-0.007699230076992358,-0.0031016594047555968,-0.014450905983958262,-0.0031016594047555968
2015-10-11,0.046648235196766974,0.028579552645663364,0.026022827452691244,0.028579552645663364
2015-10-18,0.008596189495529538,0.011440064227245195,0.009930082173428278,0.011440064227245195
2015-10-25,0.010798022643513372,0.011933129956226196,0.0073017871006157975,0.011933129956226196
2015-11-01,0.008632003359617446,0.0051220482586327165,0.01691836570532801,0.0051220482586327165
2015-11-08,0.0029551201207347333,-0.006323672256778656,0.0003237609246315998,-0.006323672256778656
2015-11-15,-0.02130060090506669,-0.016260101164126906,-0.009456827765282894,-0.009456827765282894
2015-11-22,0.012051632709137783,0.011277859258856937,0.011017470706560895,0.011017470706560895
2015-11-29,0.00458811222681077,0.004212552690819882,0.009171304806097957,0.009171304806097957
2015-12-06,-0.002449154569487577,0.00016425089973259865,-0.0020816141971914393,-0.0020816141971914393
2015-12-13,-0.02206318786890582,-0.009393716598122936,-0.014221517989094323,-0.014221517989094323
2015-12-20,-0.007977169329278944,-6.762129023596408e-05,-0.0024554686199433906,-6.762129023596408e-05
2015-12-27,0.013285136581360435,0.011361145014937568,0.007510627152664817,0.011361145014937568
2016-01-03,0.002789012355730147,0.0042319825285126456,0.0068261332871999425,0.0042319825285126456
2016-01-10,-0.04692310195272298,-0.025492160760522853,-0.04174115548146273,-0.025492160760522853
2016-01-17,-0.031924037013626116,-0.019922593044835124,-0.025852350222327347,-0.019922593044835124
2016-01-24,-0.01297562512197692,-0.008675593196706743,-0.009212326051134534,-0.008675593196706743
2016-01-31,0.016457299375280288,0.022082680887481443,0.01880743917623584,0.022082680887481443
2016-02-07,-0.003429487999863534,0.01577428150666904,-0.011244728275840443,0.01577428150666904
2016-02-14,-0.03343143412304839,-0.014191506400626719,-0.04055017809862682,-0.014191506400626719
2016-02-21,0.03179165152053054,0.022019003415117755,0.03196280736123036,0.022019003415117755
2016-02-28,0.012159050405977201,0.014723814615267283,0.022959385873830174,0.014723814615267283
2016-03-06,0.02658292521077832,0.010736221724111372,0.015335934844069143,0.010736221724111372
2016-03-13,0.013288825747248767,0.010039077863912782,0.0012105186342603602,0.010039077863912782
2016-03-20,0.015667861299916375,0.015347550871507076,0.016608548181177074,0.015347550871507076
2016-03-27,-0.0027759456999977283,0.0010484963047465712,0.001975610396134586,0.0010484963047465712
2016-04-03,0.007281341598378566,0.011295318377614105,0.014554961089494167,0.011295318377614105
2016-04-10,-0.00583110789451613,0.0013941717713314983,-0.002699411163282317,0.0013941717713314983
2016-04-17,0.019360246895398836,0.00853999841352815,0.006874027619983458,0.006874027619983458
2016-04-24,0.016280091641166283,0.0028123098300261162,0.004360124826820799,0.004360124826820799
2016-05-01,-0.005263203635729519,-0.0015369524701093207,-0.005833054524113757,-0.005833054524113757
2016-05-08,-0.015816053506487404,-0.00023767034720012514,0.0013773990696579475,0.0013773990696579475
2016-05-15,-0.0019301512258270703,0.00267744898945943,0.010081217202069448,0.010081217202069448
2016-05-22,-0.002313481693063335,-0.010688229987321662,-0.006287987462205491,-0.006287987462205491
2016-05-29,0.01640226363719144,0.004627039212799167,0.011553200618049209,0.011553200618049209
2016-06-05,0.006798228989613131,0.009069944097486182,0.009904625474566497,0.009069944097486182
2016-06-12,0.002978216579693216,0.01124979903023604,0.008851990421760991,0.01124979903023604
2016-06-19,-0.026755069525272734,-0.012524330990624222,-0.013575564339245116,-0.012524330990624222
2016-06-26,0.00666012394619786,0.007101717723899448,0.0031242997996021593,0.007101717723899448
2016-07-03,-0.006523286505327297,0.019498461578303816,0.01269778903280594,0.019498461578303816
2016-07-10,0.012470272072289124,0.01896873212369199,0.01978003677864426,0.01978003677864426
2016-07-17,0.025057377841309014,0.004243286895765586,0.009290803181944085,0.009290803181944085
2016-07-24,0.006004882767515651,0.0014006551667180567,0.0038616385327321368,0.0038616385327321368
2016-07-31,0.004575836166139213,0.0012695049931636948,0.000775872341994166,0.000775872341994166
2016-08-07,2.430950374110452e-06,-0.002790036427591569,-0.0039551662163528345,-0.0039551662163528345
2016-08-14,0.01186574379911609,0.0030098292122449077,0.0034152764602222163,0.0034152764602222163
2016-08-21,0.0018312581776733783,-0.005301852887624858,-0.0030745152088648142,-0.0030745152088648142
2016-08-28,-0.0019271299672158904,-0.007388364581982221,-0.008018220257741793,-0.008018220257741793
2016-09-04,-0.0006180885506457123,-0.007343561222217021,-0.00421139303590401,-0.00421139303590401
2016-09-11,0.00048804500111532256,-0.0011029808165845534,-0.0026120273370725533,-0.0026120273370725533
2016-09-18,-0.01640521136397921,-0.015360080128555942,-0.017145250738492712,-0.017145250738492712
2016-09-25,0.013706227077143085,0.015147370209135147,0.014634172328433559,0.014634172328433559
2016-10-02,0.0006817390340332352,-0.0007126252384133114,0.0032045504266025038,0.0032045504266025038
2016-10-09,-0.0027925333750788983,-0.020429204104143728,-0.014124939376070844,-0.014124939376070844
2016-10-16,-0.010799293209625804,-0.009180329823996636,-0.008352363568476684,-0.008352363568476684
2016-10-23,0.001598575625780585,-0.001472511776081764,-0.00045504064583645754,-0.00045504064583645754
2016-10-30,-0.0021996371010128968,-0.006634065585232385,-0.007469634525279267,-0.007469634525279267
2016-11-06,-0.014881732172183582,-0.005333392660669012,-0.009308382670759507,-0.009308382670759507
2016-11-13,0.015108093639305986,-0.0016455026992955313,0.005911664552980644,0.005911664552980644
2016-11-20,0.0027520153809930115,-0.008046058363200714,-0.004140558794942462,-0.004140558794942462
2016-11-27,0.010114191204259493,0.004484275008841854,0.015916083282358162,0.015916083282358162
2016-12-04,-0.0024420282099480994,-0.003149405915650494,-0.003976671620409045,-0.003976671620409045
2016-12-11,0.021338455005795343,0.007048188509438003,0.01428827311970493,0.01428827311970493
2016-12-18,0.007406892306963675,0.009936048680988296,0.004189719690534721,0.004189719690534721
2016-12-25,0.00013511723329240333,0.00381555881051332,0.0001600310917548864,0.0001600310917548864
2017-01-01,-0.0029099145322741826,0.0009700976926534377,-0.0005863937313015377,-0.0005863937313015377
2017-01-08,0.011718104520084482,0.009331401706760944,0.008988435899556446,0.008988435899556446
2017-01-15,0.005483893319700339,0.0016609628017885125,0.00900949597737366,0.00900949597737366
2017-01-22,-0.0004157953591911179,0.001383329000093303,0.003757735370407911,0.003757735370407911
2017-01-29,0.009349438297936441,0.0028961221197334464,0.014124189223505113,0.014124189223505113
2017-02-05,5.0222961249346554e-05,0.003853638798435588,0.0016068204562762478,0.0016068204562762478
2017-02-12,0.0050510282706632825,0.007919833098819051,0.005438154027640696,0.005438154027640696
2017-02-19,0.014566114581590517,0.009318573228975557,0.011227119055506218,0.011227119055506218
2017-02-26,0.0054789246583129,0.011965436516134131,0.005510392729048519,0.005510392729048519
2017-03-05,0.0038516872298977045,0.002724964981809297,0.0030480526284377696,0.0030480526284377696
2017-03-12,-0.0025590544045820396,-0.004350002622206528,-0.002018973224431675,-0.002018973224431675
2017-03-19,0.008674411980198471,0.01093305419695767,0.0127635647552371,0.0127635647552371
2017-03-26,-0.004986234644575593,0.0010382828923003462,0.0006901113744912646,0.0006901113744912646
2017-04-02,0.004655266824163062,-0.0011384660518508616,0.004515314564463191,0.004515314564463191
2017-04-09,-0.0034767965897948283,-0.0016679583356233874,0.0011876088471978186,0.0011876088471978186
2017-04-16,-0.004251755800156687,0.00020878382001332518,-0.0015363728763155837,-0.0015363728763155837
2017-04-23,0.0020574246095250714,0.00403437951726926,0.002044054584068755,0.002044054584068755
2017-04-30,0.020646596382754012,0.006695845325075389,0.017142504478489196,0.017142504478489196
2017-05-07,0.0063548875376404634,0.0004843801482992127,0.005928695974299236,0.005928695974299236
2017-05-14,0.003069293223775471,0.003063910038984874,0.007296952803937495,0.007296952803937495
2017-05-21,0.0009731498853791098,0.005609598334238131,0.007811391994150929,0.005609598334238131
2017-05-28,0.009188353128422477,0.01004829974210697,0.013934950425538384,0.01004829974210697
2017-06-04,0.007310064110068737,0.01209870517377909,0.013171307183998504,0.01209870517377909
2017-06-11,0.0015087420872819113,-0.0001014560997633085,0.004188001144603604,0.004188001144603604
2017-06-18,-0.0006248408355393753,0.001690348225384497,-0.004632075149962667,-0.004632075149962667
2017-06-25,0.0010291209611721364,0.001394966220559235,0.0046330735208237606,0.0046330735208237606
2017-07-02,-0.0019257931254894611,-0.008624858134828162,-0.005484028411450459,-0.005484028411450459
2017-07-09,-0.002466473618253473,-0.009433349317149453,0.0017397838187152015,0.0017397838187152015
2017-07-16,0.010463507298540398,0.0035530066371753932,0.017154615961019415,0.017154615961019415
2017-07-23,0.01113510410037355,0.013320789333058247,0.009017512237625036,0.009017512237625036
2017-07-30,0.001993372993775333,0.00291338868802149,0.0021102613403385373,0.0021102613403385373
2017-08-06,0.00406293287970283,0.006881874514826469,0.0049964163379483395,0.0049964163379483395
2017-08-13,-0.008156012364872733,-0.004183667548440906,-0.0044806745152067284,-0.0044806745152067284
2017-08-20,-0.004514129602224304,0.0021984147202993576,-0.0019162583281829848,-0.0019162583281829848
2017-08-27,0.0010174083747969132,0.0020921831584215234,0.0009036742506172146,0.0009036742506172146
2017-09-03,0.007908195131270723,0.004013714273377822,0.01072625334501609,0.01072625334501609
2017-09-10,0.0031449676741897026,0.002964653960196406,-0.00045469255900365546,-0.00045469255900365546
2017-09-17,0.012548217953715968,0.004660284717758589,0.015246088854085516,0.015246088854085516
2017-09-24,0.00423130122189197,-0.004447056553595674,0.006755654965907798,0.006755654965907798
2017-10-01,0.00024198050321211362,-0.0007051153236433683,-0.0006371330303666101,-0.0006371330303666101
2017-10-08,0.009679175240052462,0.007130309580382077,0.01468419935399834,0.01468419935399834
2017-10-15,0.006150563572083545,0.007044331456294239,0.007331966923457722,0.007331966923457722
2017-10-22,0.004414347269186436,0.003883939173503048,0.009190513543360534,0.009190513543360534
2017-10-29,-0.0008278195383418785,-0.0014281839416647735,0.01092484355587886,0.01092484355587886
2017-11-05,0.005662871895044663,-0.0009748747782578615,0.01223173028849045,0.01223173028849045
2017-11-12,0.0013962969507961276,0.0032719651060784116,-0.0016577517217856164,-0.0016577517217856164
2017-11-19,-0.005186683832996031,0.001122179914514465,-0.0027867891901161013,-0.0027867891901161013
2017-11-26,0.01021458524046892,0.006423290648645441,0.011567297101419571,0.011567297101419571
2017-12-03,0.007882235625696898,0.011958534230847251,0.0043925337046508695,0.0043925337046508695
2017-12-10,0.00036709251197519777,-2.5375449123843374e-05,-0.005527273997362858,-0.005527273997362858
2017-12-17,0.0076104497612448085,0.004715652275267601,0.008525095064738641,0.008525095064738641
2017-12-24,0.00787138774654661,-0.0011318556139221503,0.00876913350727837,0.00876913350727837
2017-12-31,0.0019330343567087738,0.002200276598853579,-0.002025511755403442,-0.002025511755403442
2018-01-07,0.016396801832924357,0.006171110513381484,0.019382199057366156,0.006171110513381484
2018-01-14,0.017041408946852465,0.005576078622708591,0.02368616999408113,0.005576078622708591
2018-01-21,0.012678664670704443,0.008573440381939523,0.018927535289516406,0.008573440381939523
2018-01-28,0.01719550004755499,0.017641021944732715,0.021184240326635573,0.017641021944732715
2018-02-04,-0.01739971646080407,-0.013053397078747198,-0.014623046676363272,-0.013053397078747198
2018-02-11,-0.05743967230784264,-0.051109624815006915,-0.05609786427083663,-0.051109624815006915
2018-02-18,0.02161836849982901,0.019545197114082757,0.03244001646768213,0.019545197114082757
2018-02-25,0.008094396420845529,0.0032604954745527603,0.015458987745737618,0.0032604954745527603
2018-03-04,-0.009078976725198085,-0.006583195269935005,-0.003370815460890686,-0.006583195269935005
2018-03-11,0.00964983739687475,0.008611751550902547,0.01517805020432017,0.008611751550902547
2018-03-18,0.004125806372023311,0.005972594112011453,0.005906922500828804,0.005972594112011453
2018-03-25,-0.030089541405960096,-0.020205277016496992,-0.035793967994092846,-0.020205277016496992
2018-04-01,-0.004343503902722645,0.002849795286585355,-0.012891795990129906,0.002849795286585355
2018-04-08,-0.002984797107193349,0.0003915091985129404,-0.012522450705742094,0.0003915091985129404
2018-04-15,0.014670272233373804,0.00451144065424991,0.01498024507276341,0.00451144065424991
2018-04-22,0.011611467475895587,0.00787921587937146,0.019654273752904627,0.00787921587937146
2018-04-29,-0.0075857457499766134,-0.007066370052544513,-0.008476872975746508,-0.007066370052544513
2018-05-06,-0.0028066272150573113,-0.006510260436313642,0.0003635839907822902,-0.006510260436313642
2018-05-13,0.01690962521695938,0.008654253012980284,0.02597528911378566,0.008654253012980284
2018-05-20,0.0040084625738252555,-0.0026875757765005837,0.004511699296551486,-0.0026875757765005837
2018-05-27,-0.0017383309183932605,0.003593522935106286,0.005316582858412966,0.003593522935106286
2018-06-03,-0.007671503140109226,-0.001412725980215912,-0.00385626340181211,-0.001412725980215912
2018-06-10,0.015173091134563998,0.010035796884675374,0.01965541185660946,0.010035796884675374
2018-06-17,0.003377424546147312,0.003863675731116345,0.003397697859049087,0.003863675731116345
2018-06-24,-0.011022983209582948,-0.005283607132869794,-0.010319161378013142,-0.005283607132869794
2018-07-01,-0.013772676856601107,-0.00424395408514211,-0.023723948415443896,-0.00424395408514211
2018-07-08,0.006132171409420906,0.006620689418439074,0.0035441554988033808,0.006620689418439074
2018-07-15,0.016261234944904945,0.012101433800383088,0.023307816289785732,0.012101433800383088
2018-07-22,0.0032011951755650525,0.0050316017609555175,0.0073928088520718305,0.0050316017609555175
2018-07-29,0.007936786951269648,0.005470720852854161,0.004974213507429548,0.005470720852854161
2018-08-05,-0.0009880067283978278,0.0021209513231459365,-0.011307754302315454,0.0021209513231459365
2018-08-12,0.0010771986968409752,0.0015749740900752318,0.010166769678706222,0.0015749740900752318
2018-08-19,-0.009151916654828285,0.0017680734435616685,-0.007871927906597409,0.0017680734435616685
2018-08-26,0.011185014061636744,0.0068173273772045295,0.015598469983812313,0.0068173273772045295
2018-09-02,0.011820820321628345,0.0059366580814299574,0.021735755317497274,0.0059366580814299574
2018-09-09,-0.013773221411861769,-0.0033649887288018654,-0.010870770481771985,-0.0033649887288018654
2018-09-16,0.004300086555200533,0.0076869250410853684,0.00548830036477943,0.0076869250410853684
2018-09-23,0.013493146101420272,0.008361407771243279,0.007407962350232111,0.008361407771243279
2018-09-30,0.001339758263194435,-0.0021386907833822466,0.008061432483819075,-0.0021386907833822466
2018-10-07,-0.008915132040833162,-0.0066558152928232195,-0.00941953892123748,-0.0066558152928232195
2018-10-14,-0.03719893178626532,-0.025260072125038446,-0.0495287665834756,-0.025260072125038446
2018-10-21,-0.007983034437805347,0.0005027753029407389,-0.012371903630811087,0.0005027753029407389
2018-10-28,-0.031611819801370844,-0.018100849020791454,-0.036944721910398104,-0.018100849020791454
2018-11-04,0.00857405843910164,0.003052835773615259,0.007316158728017053,0.003052835773615259
2018-11-11,0.021685668248836443,0.021572659208780598,0.029705042387479175,0.021572659208780598
2018-11-18,-0.017108134443762135,-0.004119873997923351,-0.026348522417787956,-0.004119873997923351
2018-11-25,-0.021588684998756658,-0.011286295558248227,-0.03769271875714553,-0.011286295558248227
2018-12-02,0.02245964186947247,0.016802396291116573,0.03901359388672199,0.016802396291116573
2018-12-09,-0.014454458959472505,-0.004784023759502931,-0.009080111183985884,-0.004784023759502931
2018-12-16,-0.020748500426740257,-0.01065409593440414,-0.015646676572252605,-0.01065409593440414
2018-12-23,-0.04379609980122545,-0.036991607243794467,-0.05469077229871955,-0.036991607243794467
2018-12-30,-0.011875641053285091,-0.013455488032271257,-0.009768814477519427,-0.013455488032271257
2019-01-06,0.02282091499182859,0.015621346615182663,0.022695836810045833,0.015621346615182663
2019-01-13,0.032119171545359704,0.0198946141560572,0.02843863703124838,0.0198946141560572
2019-01-20,0.016408854794688565,0.009221070540247123,0.015336865200406002,0.009221070540247123
2019-01-27,0.0067873439498413735,0.005220736437480333,0.004307300670405523,0.005220736437480333
2019-02-03,0.011577383602081603,0.012371637192092333,0.009015196539549741,0.012371637192092333
2019-02-10,0.008639623539713703,0.011218691925544144,0.013220913956789149,0.013220913956789149
2019-02-17,0.01044812526702632,0.007988257438907631,0.012445901681419125,0.012445901681419125
2019-02-24,0.014633162260350163,0.013424831621900335,0.014012277061566492,0.014012277061566492
2019-03-03,0.006005581464540555,0.002959387354331655,0.008453061602038181,0.008453061602038181
2019-03-10,-0.011585176415218612,-0.007133098300696306,-0.011770414933156337,-0.011770414933156337
2019-03-17,0.014637361414868932,0.012665448733698792,0.018066595800055874,0.018066595800055874
2019-03-24,0.006196429875284348,0.0052019587518661314,0.009607891814041647,0.009607891814041647
2019-03-31,-0.003210059894189321,0.006604118522837599,0.0021001250800816162,0.0021001250800816162
2019-04-07,0.020834221736470315,0.004666664292579448,0.014087988738376689,0.014087988738376689
2019-04-14,0.00520593648005141,5.0411940382799614e-05,0.002618385739074247,0.002618385739074247
2019-04-21,0.0041308737583212185,-0.004179648071505504,-0.0016390291342366359,-0.0016390291342366359
2019-04-28,0.004606850323323419,0.003492056461372295,0.013041986523140592,0.013041986523140592
2019-05-05,0.00230856682450864,0.005219856657888711,0.0066499022734956,0.0066499022734956
2019-05-12,-0.01804541464170073,-0.005399363540025681,-0.012803741835908822,-0.012803741835908822
2019-05-19,-0.009865388929100938,0.0034144047516277976,-0.004579470435424726,-0.004579470435424726
2019-05-26,-0.003536487927898513,0.008872307518853706,0.0016226983840053055,0.0016226983840053055
2019-06-02,-0.016971260096373952,-0.00998424544398957,-0.013191226167319825,-0.013191226167319825
2019-06-09,0.01785007936150307,0.023338007201559208,0.022242933039264168,0.022242933039264168
2019-06-16,0.01639039354747407,0.010920340282000174,0.019761960758062358,0.019761960758062358
2019-06-23,0.015088959638473343,0.01046400444063389,0.01507203439061211,0.01507203439061211
2019-06-30,0.0029874643652127997,0.00011588627793579498,-0.001774120165164872,-0.001774120165164872
2019-07-07,0.01569055510709272,0.01253194968108673,0.017269936276154363,0.017269936276154363
2019-07-14,1.649254403313094e-05,0.0018964129037819522,0.004426364767623925,0.004426364767623925
2019-07-21,-0.001856940683537811,-0.0007153715129348814,0.0007069826317935846,0.0007069826317935846
2019-07-28,0.005089293170348341,-0.0016755907802796788,0.0026975321309661293,0.0026975321309661293
2019-08-04,-0.01614360474971055,-0.0048233178702161705,-0.015628870660456484,-0.015628870660456484
2019-08-11,-0.02275838149975762,-0.0006630353496829278,-0.013638243434238029,-0.013638243434238029
2019-08-18,-0.007819404609710201,0.0006148827031813298,-0.0010821638208272644,-0.0010821638208272644
2019-08-25,0.004195981052180997,0.005387844085362525,0.00543801316492698,0.00543801316492698
2019-09-01,0.0048992063545438835,0.005261251219172536,0.006866262703646875,0.006866262703646875
2019-09-08,0.01745663131139552,0.010698808183963626,0.015381610068666784,0.015381610068666784
2019-09-15,0.016707126521667615,-0.0042881994791696965,-0.012174184223087026,-0.012174184223087026
2019-09-22,0.001787818872130309,0.004911202072900078,-0.0011004073437713702,-0.0011004073437713702
2019-09-29,-0.007682541930636333,0.0037205875312071868,-0.005784355410441311,-0.005784355410441311
2019-10-06,-0.013612437141949263,-0.006455942471107479,-0.009186690847385104,-0.009186690847385104
2019-10-13,0.0035320904924998064,0.001524970708175033,0.0021465864658880562,0.0021465864658880562
2019-10-20,0.016951039223167763,0.004370342125736171,0.006696593086674474,0.006696593086674474
2019-10-27,0.00992819641220577,0.0008285115829491652,0.0005822686054268722,0.0005822686054268722
2019-11-03,0.012098906813849508,0.003870831520720097,0.013821117762462976,0.013821117762462976
2019-11-10,0.01080030664844811,-0.004247189935552287,-0.0001178440736838704,-0.0001178440736838704
2019-11-17,0.0044908109157795195,0.0025554686373310265,0.008803820628076275,0.008803820628076275
2019-11-24,0.0015594833341496805,0.005641701293875201,0.005231051134950038,0.005231051134950038
2019-12-01,0.008369921984246131,0.004613455164382607,0.011114441433561328,0.011114441433561328
2019-12-08,-0.004931860439494562,-0.006696399678411957,-0.004559258815209022,-0.004559258815209022
2019-12-15,0.010437564630950913,0.006842898574227485,0.005553075490003501,0.005553075490003501
2019-12-22,0.01577956041882511,0.00746078700661057,0.014775507557804879,0.014775507557804879
2019-12-29,0.006972637779985025,0.005219061403997083,0.008781594981079666,0.008781594981079666
2020-01-05,0.0019208358365758738,0.002731061933299417,0.0005952285108552502,0.0005952285108552502
2020-01-12,0.004522277308959044,0.0012224973500165603,0.005778703495597837,0.005778703495597837
2020-01-19,0.013091707708392297,0.015271929021191122,0.022228953959185782,0.022228953959185782
2020-01-26,0.0004151873799265182,0.0104848585324262,0.011751374228365918,0.011751374228365918
2020-02-02,-0.019206662299581012,-0.00551306107761651,-0.00964606680156499,-0.00964606680156499
2020-02-09,0.016469265756259954,0.007675812923244818,0.016492843121429956,0.016492843121429956
2020-02-16,0.01370531607965253,0.009848856934131955,0.01603417673861096,0.01603417673861096
2020-02-23,-0.004419138472624762,-0.00035217036053847295,0.0019168069485007155,0.0019168069485007155
2020-03-01,-0.0854748285897019,-0.06572982697028518,-0.078611328182985,-0.06572982697028518
2020-03-08,-0.011332448454017263,0.007209007612709151,0.010420603314757582,0.007209007612709151
2020-03-15,-0.11969806375695358,-0.09889847289522069,-0.10701586074755487,-0.09889847289522069
2020-03-22,-0.12135672603450642,-0.10683372268604352,-0.11990608703231143,-0.10683372268604352
2020-03-29,0.05816088701742084,0.03493196164947543,0.05569153468591126,0.03493196164947543
2020-04-05,0.013270432545031019,0.01993903099004468,0.007973071746570914,0.01993903099004468
2020-04-12,0.07661967894635735,0.06872791014936586,0.05942294903123613,0.06872791014936586
2020-04-19,0.025000867383653702,0.02230618767808079,0.04117433543290305,0.02230618767808079
2020-04-26,-0.0075933979177207345,-0.010711968921598314,-0.002025523826711062,-0.010711968921598314
2020-05-03,0.02586840658801348,0.007095484440799327,0.020015123921040878,0.007095484440799327
2020-05-10,0.004114381774731113,-0.004408963574467295,0.018425731558296077,-0.004408963574467295
2020-05-17,-0.007651917553101573,-0.008328437259865984,0.010022239617037743,-0.008328437259865984
2020-05-24,0.028471738786013612,0.01310953508698165,0.017424897795196292,0.01310953508698165
2020-05-31,0.028701888975015688,0.01956446346273233,0.01184718392201689,0.01956446346273233
2020-06-07,0.045007926519226915,0.02280517338550525,0.01742383188415575,0.02280517338550525
2020-06-14,-0.007017573570968438,-0.008080350825433125,-0.002070161098601475,-0.008080350825433125
2020-06-21,-0.0015004147896903186,-0.004959149924883999,0.02078791837084326,-0.004959149924883999
2020-06-28,-0.009612091430273417,-0.009471816724567872,0.007268756775126173,-0.009471816724567872
2020-07-05,0.01336761709848644,0.00812760910688426,0.021540613052553503,0.021540613052553503
2020-07-12,0.018566023936184894,0.006639631830624992,0.03773146390230919,0.03773146390230919
2020-07-19,0.013773209462419445,0.016041271467496232,0.003221920058073424,0.003221920058073424
2020-07-26,0.009582272668779535,0.013489068663701476,0.008481293323796102,0.008481293323796102
2020-08-02,0.0004502037218934163,0.0027162092256323156,0.0036972004483633025,0.0036972004483633025
2020-08-09,0.01846176182869086,0.0053631081038005846,0.01833520108069786,0.01833520108069786
2020-08-16,0.013173357489932203,0.004096816211452525,-0.0029741690897295836,-0.0029741690897295836
2020-08-23,0.0063217125412022845,0.0036176821063931275,0.02776009908536592,0.0036176821063931275
2020-08-30,0.020958399305980535,0.006430272769422318,0.01925909651750146,0.006430272769422318
2020-09-06,-0.0030420862049405084,-0.005079728304967612,-0.0025570423255759644,-0.005079728304967612
2020-09-13,-0.024026757669345034,-0.010802942908017976,-0.04032138203576008,-0.010802942908017976
2020-09-20,0.004261401662863262,0.0070531404493974215,0.009661461661284898,0.0070531404493974215
2020-09-27,-0.025994267924449033,-0.021694305892795085,-0.009396799884063278,-0.021694305892795085
2020-10-04,0.01925165444553323,0.015488488515940979,0.02287435633514434,0.015488488515940979
2020-10-11,0.024841952205060913,0.01769381187378083,0.02141830567661218,0.01769381187378083
2020-10-18,0.01109221266449123,0.0039346811373419666,0.019602120194998296,0.0039346811373419666
2020-10-25,-0.010458346240872718,-0.011235902880077253,-0.022143141872881467,-0.011235902880077253
2020-11-01,-0.04084792272739557,-0.030667042863702476,-0.034323196074899864,-0.030667042863702476
2020-11-08,0.04377270542332301,0.03243184820911127,0.05099225986310274,0.03243184820911127
2020-11-15,0.03864732289178474,0.02723608712053527,-0.00031809030799478943,0.02723608712053527
2020-11-22,0.011362788655794098,0.0005204464101848938,0.0048901722413849935,0.0005204464101848938
2020-11-29,0.016405317976126987,-0.000552840331352833,0.012168396873641685,-0.000552840331352833
2020-12-06,0.012922964078213361,0.002308524108420862,0.01542442350620643,0.002308524108420862
2020-12-13,0.003088195521951498,0.001605127431971498,0.002754482888264409,0.002754482888264409
2020-12-20,0.010639320036314404,0.007843348661106697,0.023685971458104804,0.023685971458104804
2020-12-27,-0.0006763480962300727,-0.007172047873393539,0.0065133972930722095,0.0065133972930722095
2021-01-03,0.012522355212020164,0.011312444353486217,0.005477711996003665,0.005477711996003665
2021-01-10,0.013168821754769855,0.005702611162865523,0.019059167991354542,0.019059167991354542
2021-01-17,0.002182702418321414,-0.0032659550244115154,0.0003510277632545744,-0.0032659550244115154
2021-01-24,0.008130187141729417,0.002792146101262327,0.021059205903743328,0.002792146101262327
2021-01-31,-0.01751813379095779,-0.010016649104465425,-0.01531733684458747,-0.010016649104465425
2021-02-07,0.018386078338210154,0.00150968713011701,0.027643560277722967,0.00150968713011701
2021-02-14,0.021701063382627783,0.010536260828336808,0.024130854947624458,0.010536260828336808
2021-02-21,0.002210475732820738,-0.009422439784382286,-0.0034214579115244836,-0.009422439784382286
2021-02-28,-0.018740533922537828,-0.019164215517155192,-0.05458058678923483,-0.019164215517155192
2021-03-07,-0.006508487592040368,-0.006373130756294421,-0.03186704534542062,-0.006373130756294421
2021-03-14,0.01614639716925681,0.01965330628453965,0.0009731755193993497,0.01965330628453965
2021-03-21,0.009297511957395033,0.014019022576355678,0.013299893633173632,0.014019022576355678
2021-03-28,-0.003748255941723233,0.007135579450549878,-0.006914804985710954,0.007135579450549878
2021-04-04,0.011463718431554026,0.007622456419434043,0.019204646983594253,0.007622456419434043
2021-04-11,0.023734536473322354,0.011542499155699604,0.04106141567981192,0.011542499155699604
2021-04-18,0.014275130974958472,0.011173128177555336,0.025818593896568487,0.011173128177555336
2021-04-25,0.0010508325169327204,0.009359664863398898,-0.0028547310021763694,0.009359664863398898
2021-05-02,0.004382872462428855,-0.006570228865982686,0.004286957043202699,-0.006570228865982686
2021-05-09,0.0030844355112176203,0.010034415612323322,-0.021690317022168615,0.010034415612323322
2021-05-16,-0.010032053946848918,-0.000743991604972627,-0.031374215198737954,-0.000743991604972627
2021-05-23,0.00388333270277208,0.004725718660054001,0.006752645635248911,0.004725718660054001
2021-05-30,0.013280718372258526,0.0027232454904904113,0.02815235035770125,0.0027232454904904113
2021-06-06,0.004976375801741817,0.0017820629076987782,0.008924374856949635,0.0017820629076987782
2021-06-13,0.006680797158842511,0.010382879008675072,0.0008745132287755197,0.010382879008675072
2021-06-20,-0.006453117797329155,-0.008221331583321057,-0.016577354004233213,-0.008221331583321057
2021-06-27,0.008036689755928084,0.0024466182805853443,0.014477569519799838,0.0024466182805853443
2021-07-04,0.008068498458686513,0.007126792481359834,0.009242575725947555,0.007126792481359834
2021-07-11,0.004475884967072519,0.007255691837932288,-0.002655042383869488,0.007255691837932288
2021-07-18,-0.0008236232202684102,0.006392534961315421,-0.0016493467713578625,0.006392534961315421
2021-07-25,-0.0009070294784579991,-0.0003604627721707221,0.001776631015604213,-0.0003604627721707221
2021-08-01,0.011147651321864904,0.008544370320842098,0.015969117278491263,0.015969117278491263
2021-08-08,0.006452867288274655,0.004767275527305603,0.01611403899488484,0.01611403899488484
2021-08-15,0.007106092588844204,0.00576813010487176,0.013409228977829146,0.013409228977829146
2021-08-22,-0.008428473358629396,0.006013368632636462,-0.025716599902237847,0.006013368632636462
2021-08-29,0.012670237594486045,0.0005372549237561142,0.022752624339446026,0.0005372549237561142
2021-09-05,0.01049722580488166,0.007432973318940217,0.010729703597406326,0.007432973318940217
2021-09-12,-0.004921357913682312,-0.004445993765683776,-0.0019620935656722294,-0.004445993765683776
2021-09-19,-0.008715814267332145,-0.011990468917211894,-0.005555368169163688,-0.011990468917211894
2021-09-26,-0.008908414776109708,-0.010350887519234409,-0.007930097657684043,-0.010350887519234409
2021-10-03,-0.015945012907229716,-0.02243853593941958,-0.015504193424646928,-0.02243853593941958
2021-10-10,-0.0009434211705900974,-0.0026621711277079463,-0.0023027018775758634,-0.0026621711277079463
2021-10-17,0.014526588805031881,0.010124532916835793,0.018268673934713098,0.010124532916835793
2021-10-24,0.0231379475243898,0.01872229065515052,0.027956216964855285,0.01872229065515052
2021-10-31,0.008280607061463163,0.0022090987391543138,0.014799291078182453,0.0022090987391543138
2021-11-07,0.01537779224867819,0.006832391249306458,0.016558584310179647,0.006832391249306458
2021-11-14,0.0012083851317932215,0.0030754865013060684,-0.007895054715973848,0.0030754865013060684
2021-11-21,0.001411662679883685,0.0010725311176573715,-0.001410339034792596,0.0010725311176573715
2021-11-28,-0.01621322023420435,-0.010457815377442836,-0.016108438408964698,-0.010457815377442836
2021-12-05,-0.021321759339839264,-0.014519693276406787,-0.02617104867714759,-0.014519693276406787
2021-12-12,0.024072608012417618,0.018750495998679284,0.014515284579362131,0.018750495998679284
2021-12-19,-0.007629121453275878,0.010796820967208243,-0.01897136198312066,0.010796820967208243
2021-12-26,0.009273575432295234,0.0035136414864942456,0.010258533029776418,0.0035136414864942456
2022-01-02,0.017696565123231478,0.016135096761430434,0.01978764908655295,0.016135096761430434
2022-01-09,-0.01052043827335336,-0.016075391545749662,-0.02182315254370526,-0.016075391545749662
2022-01-16,-0.0058642639496675475,-0.013441276489580156,-0.013634401881120306,-0.013441276489580156
2022-01-23,-0.03219089357631688,-0.017798587262440213,-0.04259077504777231,-0.017798587262440213
2022-01-30,-0.02881409515897515,-0.02214010556858914,-0.035719787361205846,-0.02214010556858914
2022-02-06,0.027045336813176002,0.017580353014344574,0.04245533366809129,0.017580353014344574
2022-02-13,-0.0011843324977295344,-0.0034338472951280785,0.00017911397763170633,-0.0034338472951280785
2022-02-20,-0.01739563781461162,-0.014556523880098537,-0.024152152999425747,-0.014556523880098537
2022-02-27,-0.018800643567673525,-0.009527329339871882,-0.021829351102751415,-0.009527329339871882
2022-03-06,-0.008159874820720114,0.012678422897360875,-0.004124536620811359,0.012678422897360875
2022-03-13,-0.02954140511499148,-0.013972522086820649,-0.03295033561252225,-0.013972522086820649
2022-03-20,0.03825548997509576,0.02468358126494019,0.046157813745508536,0.02468358126494019
2022-03-27,0.029852592592118254,0.01549473721957928,0.04356630822182095,0.04356630822182095
2022-04-03,0.012008987238760982,0.01636215620396686,0.014027770511031434,0.01636215620396686
2022-04-10,-0.013485491035954533,0.010141946299460303,-0.023716424065511,0.010141946299460303
2022-04-17,-0.020254940112560682,-0.008440113063058141,-0.0323845538575126,-0.008440113063058141
2022-04-24,-0.010181631472600206,-0.013939127582692223,-0.01239810904075156,-0.013939127582692223
2022-05-01,-0.03839450555076829,-0.030083734668615247,-0.047497648518886715,-0.030083734668615247
2022-05-08,-0.009750876220236293,-0.018171496595819625,-0.005318787082561838,-0.018171496595819625
2022-05-15,-0.040112672675831185,-0.024679610337565605,-0.05388350318132806,-0.024679610337565605
2022-05-22,-0.00046146130819024744,-0.0033865060550619663,-0.0039988249854508995,-0.0033865060550619663
2022-05-29,0.02775456913555896,0.025155275709395353,0.03318135191195681,0.03318135191195681
2022-06-05,0.01558669007738378,0.0027959561080901363,0.02276618906379957,0.0027959561080901363
2022-06-12,-0.025470003445258405,-0.023874800468445256,-0.017240753273490173,-0.023874800468445256
2022-06-19,-0.07594614250464882,-0.05332224200401414,-0.07248137397043264,-0.05332224200401414
2022-06-26,0.023378316650555675,0.029034029069391787,0.00936587978558534,0.029034029069391787
2022-07-03,0.001628340874789691,0.014357171122511891,0.012057198230076782,0.014357171122511891
2022-07-10,0.005199812997818576,0.004555096962207905,-0.007558374442095284,0.004555096962207905
2022-07-17,-0.010789512540119173,-0.007236507726708252,-0.009574363334425406,-0.007236507726708252
2022-07-24,0.03129827207074265,0.007114599821774759,0.016182587885308575,0.007114599821774759
2022-07-31,0.02417966241286651,0.01465508106750768,0.025807556193569114,0.01465508106750768
2022-08-07,0.0187830569337053,0.007624488085436143,-0.001539264307776067,0.007624488085436143
2022-08-14,0.01915825811461591,0.014450092677078086,0.015833813612055714,0.014450092677078086
2022-08-21,0.004971276216158449,0.010262136333757166,0.009670737429894771,0.010262136333757166
2022-08-28,-0.03242730625955603,-0.02446784780359401,-0.004890692595143076,-0.02446784780359401
2022-09-04,-0.03563802512764869,-0.02747446330866188,-0.031177460727837114,-0.02747446330866188
2022-09-11,0.006584134671105302,0.006178562407181953,-0.0011986749092403048,0.006178562407181953
2022-09-18,-0.011885023460406319,-0.010775979529215496,-0.005016669534043228,-0.010775979529215496
2022-09-25,-0.04364627631825668,-0.03037746107950201,-0.034662855791622094,-0.03037746107950201
2022-10-02,-0.03775829025683963,-0.02926050919742318,-0.031771804568788364,-0.02926050919742318
2022-10-09,0.023448225077713714,0.010615156670142012,0.031644398756423664,0.031644398756423664
2022-10-16,-0.02848505024998904,-0.01968386217242135,-0.013669179112579366,-0.01968386217242135
2022-10-23,0.027943078964017376,0.01493635735887655,0.025088397562015974,0.025088397562015974
2022-10-30,0.03671327205178798,0.037088795174454514,0.04150356967896385,0.04150356967896385
2022-11-06,-0.010460867211940728,-0.0017937336145957827,0.003858675991800453,0.003858675991800453
2022-11-13,0.03863962135322585,0.026088735157445475,0.020354400201728184,0.020354400201728184
2022-11-20,0.019752621328101405,0.014808545560039077,0.012077036376691552,0.012077036376691552
2022-11-27,0.012233193742754,0.020230974881135566,0.01781680536169028,0.01781680536169028
2022-12-04,0.008912985574626164,0.008795563280615593,0.005248729038125788,0.008795563280615593
2022-12-11,-0.0166612589144175,-0.007756707060921686,-0.018204121517599092,-0.007756707060921686
2022-12-18,-0.005803605973845216,-0.004665354356732543,-0.006626344947373131,-0.004665354356732543
2022-12-25,-0.018290433166820663,-0.008451011956466581,0.00035103455087570623,-0.008451011956466581
2023-01-01,-0.0006000829342176495,0.0014530459211401503,0.0021890820754562057,0.0014530459211401503
2023-01-08,0.009851352241893485,0.007213892084213969,-0.006977158039596865,0.007213892084213969
2023-01-15,0.03211171048478323,0.01091946257253773,0.011012092699824061,0.01091946257253773
2023-01-22,0.004575017975862128,-0.006488791415799944,0.00018742220210477,-0.006488791415799944
2023-01-29,0.01878660145412958,0.0017701396774081335,0.005771433723310571,0.0017701396774081335
2023-02-05,0.013598796799007218,0.0010242399044395611,-0.013053250459737598,0.0010242399044395611
2023-02-12,-0.005193960298665479,-0.00791226656786359,0.0029772280123898653,-0.00791226656786359
2023-02-19,0.0009659660942902271,0.000546909083176006,0.0017716234836218092,0.000546909083176006
2023-02-26,-0.022968372435890894,-0.01331822572873309,-0.015119684392485455,-0.01331822572873309
2023-03-05,0.0016943777064637455,-0.008564941494664136,0.00015702288214836102,-0.008564941494664136
2023-03-12,-0.013028361584110248,-0.007394082425636772,-0.01026606476514369,-0.007394082425636772
2023-03-19,-0.014066989402878205,0.0006289430780865857,-0.032965264842959474,0.0006289430780865857
2023-03-26,0.013657814641373944,0.010881839857378672,0.00960140176329638,0.010881839857378672
2023-04-02,0.023470115270091352,0.022152196184106687,0.02577659385279718,0.022152196184106687
2023-04-09,0.014399460754630056,0.02126128128692395,0.027689896038082917,0.02126128128692395
2023-04-16,0.007449107886103867,0.0062488987583178,0.011548236520249278,0.0062488987583178
2023-04-23,0.005418433248651322,0.003817212832710082,-0.00012835261169208412,0.003817212832710082
2023-04-30,-0.0028750872250147275,0.0012819953722471578,-0.0035008957455252565,0.0012819953722471578
2023-05-07,-0.001644944666532755,0.0016998796505702796,-0.011881680076661016,0.0016998796505702796
2023-05-14,0.002238348572756621,0.0007794411681769642,0.00032813985497992526,0.0007794411681769642
2023-05-21,0.00595105548756969,-0.008025377597178363,-0.003499749099684757,-0.008025377597178363
2023-05-28,-0.0035156528664992415,-0.018318638618214034,-0.013480985826837322,-0.018318638618214034
2023-06-04,0.009327823038882466,-0.005917039413577685,-0.0040912198175028225,-0.005917039413577685
2023-06-11,0.012609983525802893,0.004490347090267077,0.0071696905238289865,0.004490347090267077
2023-06-18,0.0238515416803311,0.012460720428005834,0.03160618547246541,0.012460720428005834
2023-06-25,-0.007995274630035798,-0.003917173456931655,-0.004054482765833423,-0.003917173456931655
2023-07-02,0.00582459583462791,0.003218185762842607,0.0029464785774289126,0.003218185762842607
2023-07-09,0.0015724521199942387,-0.0024464049309963487,-0.0039246584247093486,-0.0024464049309963487
2023-07-16,0.016839019679934397,0.007930764981590954,0.021611981194633145,0.007930764981590954
2023-07-23,0.013616702143999682,0.012126140539604702,0.00861556718436085,0.012126140539604702
2023-07-30,0.005200790043446091,0.0039007670391724147,0.0008424657126655521,0.0039007670391724147
2023-08-06,-0.012577108120943592,-0.014295867045702959,-0.010287522296780649,-0.014295867045702959
2023-08-13,-0.00878182010568096,0.002438052318326278,-0.0046138457425558554,0.002438052318326278
2023-08-20,-0.019901518196764,-0.012990513724396524,-0.01642075766557105,-0.012990513724396524
2023-08-27,-0.0019739133861373936,-0.003968815241189416,0.0009594417793283849,0.0009594417793283849
2023-09-03,0.0228018358972204,0.01162210870598046,0.02231443029017499,0.02231443029017499
2023-09-10,-0.006588376773558835,-0.0062566224330189435,-0.005899299434098837,-0.0062566224330189435
2023-09-17,0.0019398657171481037,0.008547334023343511,0.0001645905422482663,0.008547334023343511
2023-09-24,-0.018059809972672758,-0.0045712998530665905,-0.017906399579889376,-0.0045712998530665905
2023-10-01,-0.018621367270068356,-0.020717999193390346,-0.01572776038534418,-0.020717999193390346
2023-10-08,-0.008570201842058034,-0.014936382076341959,-0.005841242281199754,-0.014936382076341959
2023-10-15,0.016103198166278032,0.015180672520260563,0.018420138383021145,0.018420138383021145
2023-10-22,-0.01444425587296283,-0.007140814072667423,-0.01426718946975536,-0.007140814072667423
2023-10-29,-0.026453871683496777,-0.01498785966695293,-0.01726724011283165,-0.01498785966695293
2023-11-05,0.027645376231545393,0.01889582904557141,0.027412174080573726,0.027412174080573726
2023-11-12,0.021376247036884122,0.009423697617746418,0.027966451756709754,0.009423697617746418
2023-11-19,0.026509072317348892,0.011466825525864532,0.02803294014594271,0.011466825525864532
2023-11-26,0.014417737830531241,0.009872867430047672,0.014326876599448646,0.009872867430047672
2023-12-03,0.0057647963105298405,0.006412414842415837,-0.003875020680942365,0.006412414842415837
2023-12-10,0.003545869334192764,0.006212436911941177,-0.004303044686802315,-0.004303044686802315
2023-12-17,0.022905643063303005,0.008471383625385354,0.021876097153515683,0.008471383625385354
2023-12-24,0.012882439346368457,-0.0013279948508249095,0.014072248860896641,-0.0013279948508249095
2023-12-31,0.007875440821406565,0.009893116805692825,0.009010054168710369,0.009893116805692825
2024-01-07,-0.011969895834869515,0.005887919613206893,-0.014450472658004698,0.005887919613206893
2024-01-14,0.010131658737368543,0.008245406588239357,0.029454281376489755,0.008245406588239357
2024-01-21,-0.0009453908574069692,0.001178329351073426,0.014987487226462148,0.001178329351073426
2024-01-28,0.01566286600954503,0.006112398627352578,0.022622724717636045,0.006112398627352578
2024-02-04,0.009183295721566953,0.005953079080102119,0.020494361103933212,0.005953079080102119
2024-02-11,0.009216723505792501,-0.007512990197496072,0.03078979127949588,-0.007512990197496072
2024-02-18,0.0038051946668402614,0.0004959670852073828,0.010236712529494874,0.0004959670852073828
2024-02-25,0.010482081049808079,0.01344762614832895,0.011299398875108446,0.01344762614832895
2024-03-03,0.010848461908080864,0.002235176640664749,0.02351725696801421,0.002235176640664749
2024-03-10,0.008068747588740433,0.0065912745746670165,0.021251720717577083,0.0065912745746670165
2024-03-17,0.0022931617966757134,0.004078853231448187,-0.007441519150132692,0.004078853231448187
2024-03-24,0.012004620481962602,0.004581305252419732,0.02178580806925723,0.004581305252419732
2024-03-31,0.0052991646802931225,0.004433775769556725,0.0031807700036676767,0.004433775769556725
2024-04-07,-0.007554802374700853,-0.011205833911683394,-0.004649588425810425,-0.011205833911683394
2024-04-14,-0.007545172807412959,-0.014511814120434674,-0.0030071587314871584,-0.014511814120434674
2024-04-21,-0.02943928281260999,-0.012205552103283668,-0.03931157362546722,-0.012205552103283668
2024-04-28,0.01339562038271258,0.011082512819267087,0.007311873889592535,0.011082512819267087
2024-05-05,0.005277123459071609,-0.0007599498232411239,0.005684704891014691,-0.0007599498232411239
2024-05-12,0.022256405956363468,0.014965263448773136,0.023641885367968074,0.014965263448773136
2024-05-19,0.01567618650151914,0.011163850616932258,0.013287957915615323,0.011163850616932258
2024-05-26,0.002149197444427431,-0.004977045217452014,0.015308725244135069,-0.004977045217452014
2024-06-02,-0.005361470751831243,-0.008966776317554048,0.0014023914430394413,0.0014023914430394413
2024-06-09,0.008533280691994216,0.01022791174622073,0.007098203882770271,0.007098203882770271
2024-06-16,0.006122860721109902,-0.007149146490080804,0.016911945029975284,0.016911945029975284
2024-06-23,0.005894957120432531,0.005420930891451015,0.007101451663607206,0.007101451663607206
2024-06-30,0.0005746514212310316,0.003971091574558772,-0.0028345218836857144,0.003971091574558772
2024-07-07,0.013406818906840812,0.0003549361218935232,0.019265038010977342,0.0003549361218935232
2024-07-14,0.013490567529208297,0.013511587595954389,0.012102465539505669,0.013511587595954389
2024-07-21,-0.0055500322487593845,0.014309924842647481,-0.025311600094705122,0.014309924842647481
2024-07-28,-0.014889010471187736,0.0020982846342600947,-0.02770726863481332,0.0020982846342600947
2024-08-04,-0.010686593743912343,0.011537008263448056,-0.026188621729125394,0.011537008263448056
2024-08-11,-0.02472784970406039,-0.009981063617242159,-0.027125265460340997,-0.009981063617242159
2024-08-18,0.039181479027166954,0.021698225070050814,0.06026996068950452,0.021698225070050814
2024-08-25,0.025763592317874284,0.02403599540170176,0.029389535705747427,0.02403599540170176
2024-09-01,0.004724217542495079,0.012387572321355567,-0.0021467466970006566,0.012387572321355567
2024-09-08,-0.022367234274065617,-0.0024962164130237774,-0.038989230660941954,-0.0024962164130237774
2024-09-15,0.009698735414557458,0.0020620056259796904,0.012369695661670788,0.012369695661670788
2024-09-22,0.017649328585519708,0.00269439127878357,0.029844608034490516,0.00269439127878357
2024-09-29,0.014225894009512352,0.002822701438054631,0.023639008516724846,0.002822701438054631
2024-10-06,-0.003942797299113621,-0.006950652825015835,-0.008760191882364432,-0.006950652825015835
2024-10-13,0.004866296546152782,-3.5934344685517594e-05,0.00877852952860625,-3.5934344685517594e-05
2024-10-20,0.008534704508020186,0.012465037620799757,0.01366572358938778,0.012465037620799757
2024-10-27,-0.008321106126516375,-0.014175504790104654,-0.008707296705611434,-0.014175504790104654
2024-11-03,-0.008587952983997393,-0.010666606297026315,-0.013033750842404879,-0.010666606297026315
2024-11-10,0.01938156939339275,0.013610517217850227,0.01778663603187125,0.013610517217850227
2024-11-17,-0.0012924544771495405,-0.006755222200734656,-0.0020395686594848472,-0.006755222200734656
2024-11-24,-0.0010274065210481576,-0.0007140183261235,0.0004378181888657906,-0.0007140183261235
