0,1
0.13286346372870467,0.8671365362712959
0.110207103068389,0.8897928969316116
0.07720367095120506,0.9227963290487956
0.040771883735772264,0.9592281162642285
0.013840538613700914,0.9861594613862997
0.0027492724468277763,0.9972507275531728
0.005531130539825312,0.9944688694601754
0.0043566812808711,0.9956433187191295
0.002622612518634497,0.997377387481366
0.0010340225404651725,0.9989659774595351
3.26480161057293e-07,0.9999996735198391
0.001084467769028408,0.9989155322309718
0.0009239016607413635,0.9990760983392589
3.982476881818702e-08,0.9999999601752315
0.00018230397015478946,0.9998176960298456
0.0019551900111766576,0.9980448099888237
0.0062299575635925575,0.9937700424364079
0.0011020808840180283,0.9988979191159826
0.0036689294148422092,0.9963310705851585
0.14677999646566312,0.8532200035343376
0.31160965264413787,0.6883903473558629
0.4046873596636478,0.5953126403363529
0.45308139126483415,0.5469186087351666
0.4828482958147734,0.5171517041852274
0.49335631019604004,0.5066436898039607
0.4957151213169379,0.5042848786830628
0.47471900093643243,0.5252809990635682
0.42414519418979774,0.5758548058102029
0.3311690074259619,0.6688309925740387
0.22964506222395456,0.770354937776046
0.14628260567957252,0.853717394320428
0.0014028295359139252,0.9985971704640866
0.008297078442648523,0.9917029215573518
0.008686545130074129,0.9913134548699264
0.006659200289067314,0.9933407997109331
0.0014588533561284082,0.9985411466438721
0.0008450471140327705,0.9991549528859676
0.0031820305968055635,0.9968179694031947
1.2569642398854594e-06,0.9999987430357601
1.5201372707880195e-08,0.9999999847986274
6.575677567371763e-06,0.9999934243224327
0.007539093226909852,0.9924609067730902
0.006377207912417367,0.9936227920875826
4.7595123221326366e-05,0.9999524048767788
0.009397884210752997,0.9906021157892472
0.014545955270418992,0.985454044729581
0.029753652166339923,0.9702463478336601
0.03384580957835981,0.9661541904216401
0.04565317071294134,0.9543468292870587
0.0468919906038415,0.9531080093961586
0.035802168645488186,0.9641978313545119
0.020732951265110586,0.9792670487348895
0.017936777741392865,0.9820632222586071
0.0044595375715203575,0.9955404624284795
0.016170650673456115,0.983829349326544
0.017050134426865107,0.982949865573135
1.2036612569124745e-09,0.999999998796339
2.4801667801498506e-09,0.9999999975198336
0.007735809084294796,0.9922641909157056
0.0076837063072966215,0.9923162936927038
5.692703090974775e-08,0.9999999430729695
0.005539036340726842,0.9944609636592736
0.008703613952971288,0.9912963860470292
0.01132698628884873,0.9886730137111518
0.006230009617804243,0.9937699903821965
0.0010773160045074487,0.9989226839954932
0.008235247009896696,0.991764752990104
0.00820765028958063,0.9917923497104202
0.019547318789117266,0.9804526812108834
0.01831369473672217,0.9816863052632784
2.1926675415174122e-09,0.9999999978073331
6.571732854873096e-14,0.9999999999999347
0.0025779112447896434,0.9974220887552109
1.2883450038976777e-12,0.9999999999987121
1.6717907885134085e-14,0.9999999999999837
0.003891026003180449,0.99610897399682
0.01060979501260304,0.9893902049873973
0.009680342761993744,0.9903196572380064
3.8379643444740224e-07,0.9999996162035657
1.091771698055997e-13,0.999999999999891
0.01357663826896634,0.9864233617310336
0.016166386098477252,0.9838336139015228
1.0144189656800635e-05,0.9999898558103433
0.0006307660566649398,0.9993692339433351
0.00023688689191068556,0.9997631131080893
0.0004419655620661465,0.9995580344379338
0.0013295780479926625,0.9986704219520072
2.1181805670363525e-13,0.9999999999997882
0.20993702328488067,0.7900629767151195
0.46053347095642905,0.539466529043571
0.5981462684091146,0.40185373159088533
0.6237021336607507,0.37629786633924944
0.6232120996779137,0.37678790032208637
0.6206645852441333,0.3793354147558669
0.6021206590071098,0.39787934099289046
0.6380006730062419,0.36199932699375814
0.6484061223746665,0.35159387762533334
0.6386123378131433,0.36138766218685675
0.6115810130545918,0.38841898694540816
0.5537219794283008,0.4462780205716991
0.5019908850100436,0.49800911498995637
0.46760266429099623,0.5323973357090036
0.4493705080661343,0.5506294919338655
0.38557789739588877,0.6144221026041111
0.24317336438162035,0.7568266356183796
0.2909783812816096,0.7090216187183903
0.3144731739044804,0.6855268260955195
0.31435075997100953,0.6856492400289904
0.29268939458641086,0.7073106054135891
0.23879138633787297,0.7612086136621269
0.1549776369439356,0.8450223630560644
1.951578199317237e-06,0.9999980484218007
0.005666736708165645,0.9943332632918345
0.5895008619599381,0.4104991380400618
0.6047182988784603,0.39528170112153965
0.6286519504725693,0.3713480495274308
0.6236370475870556,0.37636295241294443
0.5915019628170539,0.4084980371829462
0.553350599851135,0.4466494001488651
0.4716036426210896,0.5283963573789104
0.3909907914081882,0.6090092085918118
0.2999045546099654,0.7000954453900348
0.21130714109786072,0.7886928589021395
0.10037604215181453,0.8996239578481858
0.07162377307428523,0.9283762269257152
0.012623359718042543,0.9873766402819579
0.008874376086137383,0.991125623913863
0.011368284974020218,0.9886317150259802
0.009549884070150897,0.9904501159298494
0.02147615585244099,0.9785238441475596
0.026606374243873424,0.9733936257561271
0.013823688802472029,0.9861763111975285
4.2608503649923026e-10,0.9999999995739156
2.057414258148952e-06,0.9999979425857423
7.742546567982123e-08,0.9999999225745347
6.167880646589332e-05,0.9999383211935347
0.5709181720931892,0.42908182790681143
0.7760386257440921,0.22396137425590829
0.8062276161711467,0.19377238382885376
0.7958661617318454,0.20413383826815498
0.7606917040545443,0.2393082959454559
0.7132330477414364,0.2867669522585639
0.6477777239274682,0.3522222760725321
0.5528986060201192,0.44710139397988113
0.3664038558169784,0.633596144183022
0.17123752216344362,0.8287624778365565
0.1401959220778663,0.8598040779221336
0.0002558164360655423,0.9997441835639346
1.7734693281928135e-14,0.9999999999999825
1.6958331687358068e-07,0.9999998304166835
0.03517421433814922,0.9648257856618511
0.0299431679462449,0.9700568320537556
0.004427644306366972,0.9955723556936336
5.778032342491711e-10,0.9999999994221973
0.0009376149083321969,0.9990623850916683
1.0055691166367003e-05,0.9999899443088341
9.40430199284847e-12,0.9999999999905963
1.2427501767678831e-12,0.9999999999987578
1.3188421927004121e-12,0.9999999999986816
0.002771067562746908,0.9972289324372534
4.8802421678923155e-05,0.9999511975783216
0.07735906781652623,0.9226409321834741
0.09562727687471104,0.9043727231252894
0.09321601527799428,0.9067839847220062
2.195815213073121e-07,0.9999997804184794
0.0001755004868302474,0.9998244995131703
5.596796384277911e-09,0.9999999944032041
0.003705659892887455,0.996294340107113
0.010041702852261095,0.9899582971477394
0.02837059055369808,0.9716294094463025
0.031869151623434205,0.9681308483765663
0.024553551383006685,0.9754464486169939
0.01384845717999384,0.9861515428200065
0.022521727628778604,0.9774782723712216
0.020652449192454087,0.9793475508075462
0.010922497838910236,0.9890775021610899
0.001058313109178464,0.9989416868908216
0.010094433159192806,0.9899055668408074
0.0026786906669729856,0.9973213093330272
0.00458161341018062,0.9954183865898196
1.9439589018711935e-06,0.9999980560410981
2.1544626765133102e-10,0.9999999997845539
1.2558240281120765e-09,0.999999998744176
3.4429224921094187e-10,0.9999999996557078
3.270144633817288e-10,0.9999999996729855
9.995339290638315e-05,0.9999000466070934
5.486801799435903e-16,0.9999999999999992
1.6504083816543302e-05,0.9999834959161831
0.014674913622164602,0.9853250863778349
0.014804218180722997,0.9851957818192765
1.050062563576396e-10,0.9999999998949932
5.452668087099025e-10,0.9999999994547326
0.0320501779032934,0.9679498220967061
0.011901388694514448,0.988098611305485
8.903238827246589e-11,0.9999999999109672
3.2403927641289905e-08,0.9999999675960718
0.08289964925407799,0.9171003507459214
2.679729014017612e-13,0.9999999999997314
0.025736871093729442,0.9742631289062699
0.0003394812091504196,0.9996605187908487
1.6761640286761594e-11,0.9999999999832376
2.1584449667701668e-11,0.9999999999784147
0.0039170595184673945,0.9960829404815319
0.001247823744628522,0.9987521762553708
0.008083065607189046,0.9919169343928103
0.00903114944818812,0.990968850551811
1.3598837835549624e-05,0.9999864011621635
0.00242957343395089,0.9975704265660482
3.417778742193526e-08,0.9999999658222117
1.829742524648431e-14,0.9999999999999809
5.1078999647233544e-15,0.9999999999999942
0.0003046133710020937,0.999695386628997
4.050663078721576e-05,0.9999594933692119
2.4277430220776784e-12,0.9999999999975713
8.785476612660792e-17,0.999999999999999
8.729634431878556e-21,0.9999999999999992
1.4947424949423957e-15,0.9999999999999976
0.4721145848863433,0.5278854151136557
0.7194598877406687,0.2805401122593304
0.7222224945875405,0.27777750541245866
0.6280865717335772,0.37191342826642204
0.0012317665259816784,0.9987682334740178
0.00025583184146402106,0.9997441681585354
3.78347411869178e-07,0.9999996216525873
0.0019743645216374066,0.9980256354783618
0.004905447884523735,0.9950945521154756
2.0963145981045293e-08,0.9999999790368534
7.953570188757144e-05,0.9999204642981117
0.0005219430114172057,0.9994780569885822
0.0019281477094059572,0.9980718522905934
2.9627046498851305e-08,0.9999999703729527
4.518261256924649e-18,0.9999999999999992
7.656677817887721e-09,0.9999999923433214
3.2712827157821466e-05,0.9999672871728413
9.756998085047349e-13,0.9999999999990237
0.03328550719402863,0.9667144928059707
0.04597860320066663,0.9540213967993327
0.04049672648624317,0.9595032735137562
0.031351215147700714,0.9686487848522988
2.2909742205644762e-07,0.9999997709025774
7.717094056511786e-08,0.9999999228290589
0.001052296841312365,0.9989477031586871
1.2644359211600956e-08,0.9999999873556403
0.01284548600710069,0.9871545139928988
0.011065679367866703,0.9889343206321326
2.111815441033897e-06,0.9999978881845584
1.01035316712156e-08,0.9999999898964677
0.0057818258286370106,0.9942181741713624
0.004519565457550948,0.9954804345424484
0.00021217724863307796,0.9997878227513662
8.170519402998226e-14,0.9999999999999174
0.00011924939485692482,0.9998807506051423
0.005557985353131262,0.9944420146468678
8.404554919839928e-06,0.9999915954450792
4.2482718421804426e-07,0.999999575172815
7.666979536377446e-07,0.9999992333020457
3.5280022943067534e-08,0.9999999647199761
2.7143880126073895e-06,0.9999972856119865
0.0005789154413805074,0.9994210845586184
1.6606435600641156e-06,0.9999983393564387
8.747572930970071e-11,0.9999999999125232
1.0179049941901676e-18,0.9999999999999988
4.200784455296077e-24,0.9999999999999989
4.672721917621168e-35,0.9999999999999989
5.6644953837812685e-24,0.9999999999999989
3.4840848990898754e-17,0.9999999999999989
6.76022732509735e-07,0.9999993239772664
8.136670032714848e-15,0.9999999999999907
2.6962570747584838e-05,0.9999730374292513
7.402393631801222e-06,0.9999925976063669
2.5735666920229226e-12,0.9999999999974252
1.3591780396955493e-10,0.9999999998640811
8.009109250731712e-11,0.9999999999199077
5.6718921875452944e-11,0.9999999999432798
3.1032849561192187e-09,0.9999999968967139
1.4351499301204734e-14,0.9999999999999845
3.6962874023080424e-17,0.9999999999999988
1.5271395202856103e-31,0.9999999999999989
7.032845929236516e-12,0.9999999999929661
2.1440142041033175e-29,0.9999999999999989
9.319346538996032e-31,0.9999999999999989
3.1624895234905217e-15,0.9999999999999958
1.942770216794517e-20,0.9999999999999989
4.185547630826957e-07,0.9999995814452358
4.2441898219108946e-24,0.9999999999999989
3.533564662995759e-33,0.9999999999999989
1.2352423035003271e-07,0.9999998764757686
2.068261576937768e-05,0.9999793173842296
2.1897653401620228e-10,0.9999999997810223
1.2309701620533965e-06,0.9999987690298368
1.775303543578582e-07,0.9999998224696443
4.375531806005455e-28,0.9999999999999987
8.309496765545979e-17,0.9999999999999988
2.3516292673930782e-26,0.9999999999999989
0.0004373755866496469,0.9995626244133492
0.0004927640863004648,0.9995072359136985
0.0005155521808227245,0.999484447819176
0.00037095542871343787,0.9996290445712852
6.549609267842034e-09,0.9999999934503894
2.103235829703146e-08,0.9999999789676403
1.317188409150715e-06,0.9999986828115893
4.522989176429005e-08,0.9999999547701068
6.822568834771105e-07,0.9999993177431151
1.5773558524327177e-05,0.9999842264414744
4.4058369741581894e-12,0.999999999995593
7.113188387227893e-16,0.999999999999998
4.1401606246820394e-08,0.9999999585983925
2.5383029416884426e-07,0.9999997461697046
1.7481361961935691e-09,0.9999999982518627
3.961674009306822e-12,0.9999999999960371
3.545035812641529e-11,0.9999999999645486
0.00044595699538615014,0.9995540430046129
0.06683674795228496,0.9331632520477141
0.10171311183398826,0.8982868881660109
0.10018626621686291,0.8998137337831362
0.10083589907847174,0.8991641009215274
0.08245262820750032,0.917547371792499
0.05274823258157611,0.9472517674184232
0.03199684243926139,0.9680031575607378
0.006736876848470184,0.9932631231515293
0.007432207003563731,0.9925677929964356
0.0004606139182755838,0.9995393860817238
4.5747348603528456e-07,0.9999995425265136
0.0007840070411581619,0.9992159929588414
0.0021530752747298877,0.9978469247252697
0.004190040894014304,0.9958099591059852
0.0002632711729016814,0.9997367288270977
0.0009725236267132556,0.999027476373286
0.0005369964591367566,0.9994630035408626
0.004599628158624622,0.9954003718413748
0.0028293309575078236,0.9971706690424915
0.002591069846431735,0.9974089301535677
0.002782937624863609,0.9972170623751356
0.005742368994951142,0.9942576310050483
0.0013747571362565335,0.9986252428637428
0.02718630900291301,0.9728136909970861
0.019344943200262327,0.9806550567997369
0.001490748157343216,0.998509251842656
0.001024794890970901,0.9989752051090284
0.0009177934421238851,0.9990822065578755
0.003375463431799755,0.9966245365681995
0.002800165101644354,0.997199834898355
1.0979499703102736e-06,0.999998902050029
5.135281474962037e-07,0.999999486471852
0.004076178410531407,0.9959238215894679
0.006956623131026416,0.9930433768689728
0.004498140873827772,0.9955018591261713
0.003906555514189807,0.9960934444858093
0.010062308186819705,0.9899376918131794
0.0074456292862838044,0.9925543707137152
0.006956731894464064,0.993043268105535
0.00032073538579298724,0.9996792646142063
0.006128503528316702,0.9938714964716826
0.04351922387707423,0.956480776122925
0.05241046388132826,0.947589536118671
0.05132502599929941,0.9486749740006998
0.03653903256370644,0.9634609674362928
0.0006454295838410185,0.9993545704161585
9.982392355919855e-11,0.9999999999001754
0.00031047506670837764,0.9996895249332911
0.0014520282292922516,0.9985479717707071
8.099496022409409e-05,0.9999190050397752
0.014552658727252756,0.9854473412727465
0.07824969853202705,0.9217503014679722
0.15326972918698867,0.8467302708130106
0.20355917134116586,0.7964408286588336
0.43335490647923813,0.5666450935207613
0.5732898638907805,0.42671013610921893
0.6606056273917427,0.3393943726082566
0.7095527722523031,0.29044722774769605
0.8164005020401338,0.1835994979598651
0.8699940375399162,0.13000596246008292
0.8882870518928876,0.11171294810711153
0.8966454994319508,0.10335450056804843
0.8937688810906234,0.1062311189093761
0.8705762650559192,0.12942373494408005
0.825976435758558,0.1740235642414414
0.7532293788217373,0.24677062117826207
0.5900037482189427,0.40999625178105636
0.5565755962974755,0.4434244037025237
0.4960429903673786,0.5039570096326207
0.37089560494471385,0.6291043950552853
0.07221034155474271,0.9277896584452565
0.05529680167117096,0.9447031983288282
0.20099824874143749,0.7990017512585619
0.31169179764956323,0.688308202350436
0.40681077706810975,0.5931892229318895
0.4545100226144877,0.5454899773855116
0.5453678474185948,0.4546321525814044
0.5835394972004342,0.41646050279956504
0.5956197740074426,0.4043802259925566
0.6466936282751148,0.3533063717248844
0.6954720586582094,0.30452794134178984
0.7250476955023345,0.2749523044976645
0.7348319478261363,0.26516805217386274
0.8253352868871575,0.17466471311284137
0.8491409221945637,0.15085907780543517
0.8455274644067897,0.154472535593209
0.8276825427027296,0.1723174572972691
0.7759838402610213,0.22401615973897743
0.7000160238772862,0.2999839761227123
0.6058264179313225,0.3941735820686761
0.4866759503734409,0.5133240496265575
0.24119279429566598,0.7588072057043325
0.12020233457817686,0.8797976654218213
0.08624508525175303,0.913754914748245
0.029345527153677907,0.9706544728463202
0.0056963524157367185,0.9943036475842616
0.0011319582186263327,0.998868041781372
1.589580487103122e-05,0.9999841041951274
0.0029365294882200943,0.9970634705117783
0.22018472638762682,0.7798152736123716
0.5445492149345461,0.45545078506545233
0.7149288736849488,0.28507112631504955
0.8074570492765067,0.1925429507234916
0.8758368326100372,0.1241631673899609
0.9142842660347944,0.08571573396520361
0.9450788168616885,0.05492118313830945
0.9600010426986765,0.039998957301321476
0.9639652234678833,0.03603477653211478
0.9641417745035539,0.03585822549644424
0.9648420813119611,0.03515791868803696
0.9759264388123791,0.02407356118761897
0.9920702109539439,0.007929789046054193
0.9971304165009109,0.0028695834990870635
0.9971868981431826,0.0028131018568155006
0.9955235966207312,0.004476403379266898
0.9941213351425777,0.005878664857420508
0.99509237365369,0.0049076263463082226
0.9955860831241254,0.004413916875872606
0.994294710309791,0.005705289690207063
0.9964215465874167,0.0035784534125813013
0.9820461330862159,0.01795386691378195
0.9467851199167038,0.053214880083294204
0.8516220903816482,0.14837790961834985
0.722485780893355,0.2775142191066431
0.5363076248756985,0.4636923751242996
0.2892670666793762,0.7107329333206218
0.0004127136106305679,0.9995872863893673
0.00998505249248313,0.9900149475075148
0.009287770471517319,0.9907122295284806
0.0026841199465552808,0.9973158800534426
0.004228185703941206,0.9957718142960569
0.012852762016460911,0.9871472379835372
0.018381114944180023,0.9816188850558182
0.015520314965621146,0.9844796850343771
0.0028554959959997263,0.9971445040039983
0.003273297592068223,0.9967267024079298
7.953498213733078e-06,0.9999920465017844
2.1277458816605616e-05,0.9999787225411815
9.117982504533044e-06,0.9999908820174939
0.0005315994679411214,0.9994684005320572
0.06839834356230237,0.9316016564376959
0.0993568866444493,0.9006431133555491
0.10085911851307361,0.8991408814869248
0.047679072875117946,0.9523209271248806
0.03394504844704874,0.9660549515529497
0.036788666860466994,0.9632113331395314
0.02948415687240922,0.9705158431275894
0.015656044749834078,0.9843439552501646
0.004861849016700716,0.995138150983298
0.03684204558802666,0.9631579544119723
0.04921893772135984,0.9507810622786391
0.04523205179248873,0.9547679482075102
0.027572892168650415,0.9724271078313487
0.039651838095500755,0.9603481619044983
0.06228160926983432,0.9377183907301649
0.06867775981580843,0.931322240184191
0.05848368101859727,0.941516318981402
0.02118391762864684,0.9788160823713523
0.00977980572790806,0.9902201942720911
0.0056166216232535135,0.9943833783767455
1.1469534668766926e-06,0.9999988530465321
0.00020468982145530965,0.9997953101785437
0.011992103877519204,0.9880078961224799
0.029859933388654065,0.9701400666113451
0.031721783223538115,0.9682782167764609
0.021100956931479307,0.9788990430685197
0.0010090695236792443,0.9989909304763198
3.9883247946391525e-05,0.9999601167520528
6.119965180410439e-07,0.9999993880034811
0.002508114284969917,0.9974918857150293
4.8502223222890686e-08,0.9999999514977761
0.017291965018308673,0.9827080349816905
0.04278587649484086,0.9572141235051583
0.050264912117171726,0.9497350878828277
0.06489682849025971,0.9351031715097395
0.07949530752542791,0.9205046924745715
0.1080527380688327,0.8919472619311665
0.11934777068992286,0.8806522293100764
0.1293911371300591,0.8706088628699401
0.1232172561450566,0.8767827438549425
0.1094357961004207,0.8905642038995782
0.08797975107126974,0.9120202489287293
0.06919487101248331,0.9308051289875158
0.03355959350311984,0.9664404064968793
0.03572383652691677,0.9642761634730824
0.04056339956004847,0.9594366004399508
0.03220241004250071,0.9677975899574988
0.00033738831528070843,0.9996626116847189
0.020110749266184415,0.9798892507338152
0.04111894357898776,0.9588810564210118
0.05353097335861038,0.9464690266413892
0.052308670966197665,0.9476913290338019
0.033987915014585104,0.9660120849854146
0.01716653909686086,0.9828334609031388
0.005289981452921703,0.9947100185470781
5.4888503676026776e-05,0.9999451114963238
7.7563780574008e-06,0.9999922436219424
1.690753260108194e-07,0.9999998309246739
0.06231650404150356,0.9376834959584965
0.21869257878901935,0.7813074212109807
0.534426472055935,0.46557352794406504
0.7081189560723571,0.29188104392764297
0.8577928273041786,0.14220717269582123
0.9325776478468658,0.06742235215313401
0.9697608177671428,0.03023918223285691
0.9910677254229971,0.008932274577002654
0.9960616763128474,0.003938323687152304
0.9977137796836325,0.0022862203163671393
0.9990751276575198,0.0009248723424797997
0.9987462749400123,0.001253725059987379
0.9970507981497782,0.002949201850221611
0.9858184567770849,0.014181543222914761
0.9706488288796585,0.029351171120341114
0.9618951448232996,0.03810485517670009
0.9462927940656528,0.05370720593434681
0.9244645906820383,0.07553540931796121
0.9197917803637534,0.08020821963624625
0.9034173207061896,0.09658267929381001
0.8724814583452625,0.1275185416547371
0.846818980504167,0.1531810194958326
0.8833906084021355,0.11660939159786395
0.9111194418289976,0.0888805581710017
0.9393283559518055,0.06067164404819365
0.9429546793864154,0.057045320613583625
0.9326679743577092,0.06733202564228989
0.9245697156553702,0.07543028434462906
0.9032641055797241,0.09673589442027504
0.8656873808062827,0.1343126191937164
0.808211981961849,0.19178801803815015
0.7267287810820583,0.273271218917941
0.6169891123556752,0.3830108876443239
0.46467979354249656,0.5353202064575026
0.35719915032867244,0.6428008496713266
0.16301714741490894,0.8369828525850903
0.10545734611567177,0.8945426538843275
0.05735760801649193,0.9426423919835072
0.029805355424102765,0.9701946445758965
0.04641455259928965,0.9535854474007094
0.046824575668132855,0.9531754243318662
0.043755180301456406,0.9562448196985426
0.019909185324578277,0.9800908146754207
0.00031904675880683786,0.9996809532411921
2.489402230206472e-08,0.9999999751059766
1.41469013858818e-05,0.9999858530986129
0.00994544229360414,0.9900545577063946
0.009733177688579207,0.9902668223114196
1.957748023613908e-05,0.9999804225197627
0.00042780392601745573,0.9995721960739813
0.041985517019865824,0.9580144829801329
0.4684679804034438,0.5315320195965549
0.7117554898672884,0.2882445101327103
0.8623852025821015,0.1376147974178973
0.9476683628005353,0.05233163719946338
0.9904055439552544,0.009594456044744364
0.9889258717850863,0.011074128214912517
0.9863825653887849,0.013617434611213869
0.9765644618978442,0.02343553810215454
0.9630322981934837,0.036967701806514944
0.8442521192453171,0.15574788075468163
0.7542102281787908,0.24578977182120776
0.4119488824729007,0.588051117527098
6.595955698367915e-05,0.9999340404430153
9.049567391687564e-08,0.9999999095043249
0.00013022487238644313,0.9998697751276125
0.0037564355588777525,0.9962435644411214
0.0005720228870679801,0.9994279771129313
4.4264248540838604e-07,0.9999995573575138
0.013580196025547298,0.9864198039744518
0.2082855240422011,0.7917144759577981
0.6647229075370599,0.33527709246293913
0.8323987380934569,0.1676012619065419
0.8999873439961488,0.10001265600385004
0.933458057444756,0.06654194255524287
0.9490036805068811,0.05099631949311783
0.9741517683321237,0.02584823166787516
0.9894084960798805,0.010591503920118485
0.9932129608542756,0.006787039145723337
0.9924812880624787,0.00751871193752025
0.9906641524100029,0.009335847589996012
0.9877497941698624,0.012250205830136442
0.9901610244664825,0.009838975533516552
0.9904068945440698,0.009593105455929243
0.9829825538482266,0.017017446151772364
0.9751192207779024,0.024880779222096673
0.987209281035909,0.012790718964090054
0.9931700503788015,0.0068299496211975865
0.9959368823746939,0.004063117625305046
0.994341938671293,0.005658061328706136
0.995964979536881,0.004035020463117846
0.996999341313335,0.0030006586866638168
0.9971741291383471,0.0028258708616515586
0.9985377920119135,0.001462207988085162
0.9994591027420825,0.0005408972579161887
0.9992223602359983,0.0007776397640002155
0.9968131567814704,0.003186843218527959
0.9948643089137629,0.005135691086235357
0.9923075353587069,0.00769246464129166
0.991119885483383,0.00888011451661527
0.997005217380018,0.0029947826199804087
0.9978359338005082,0.00216406619949025
0.9969101431680243,0.003089856831974123
0.9968241392744556,0.0031758607255426806
0.9971833084726356,0.002816691527362678
0.9978164025763492,0.0021835974236490115
0.9996247842053461,0.00037521579465200845
0.9985870458533271,0.0014129541466710738
0.99691452680052,0.0030854731994783492
0.9960453982409835,0.003954601759014649
0.9971447635209598,0.002855236479038283
0.9985523823476316,0.0014476176523664226
0.9972954620476604,0.002704537952337542
0.9971206792793521,0.0028793207206458163
0.9966746937115755,0.00332530628842262
0.9963532243521566,0.0036467756478414026
0.9958316546337791,0.0041683453662188395
0.995215791066744,0.004784208933254058
0.9943624202604778,0.005637579739520292
0.9940571929270109,0.005942807072987395
0.992836468109871,0.007163531890127245
0.9915192072067123,0.00848079279328615
0.9920647640995871,0.007935235900411156
0.9917755694128307,0.00822443058716761
0.9903951242232729,0.00960487577672541
0.9933837124619852,0.006616287538013097
0.9950114847479107,0.004988515252087608
0.9942465385312617,0.005753461468736601
0.9953676292291475,0.004632370770850734
0.9974980969800598,0.0025019030199384226
0.9930589084851165,0.006941091514881693
0.9937622464425132,0.006237753557485013
0.9945882005019601,0.00541179949803809
0.9945082216684951,0.005491778331502993
0.9940006949482803,0.005999305051717824
0.9954035415737773,0.00459645842622062
0.9938136449097357,0.006186355090262288
0.9933979630171571,0.0066020369828410025
0.9915339072537654,0.008466092746232693
0.9927766251899399,0.007223374810058297
0.9934492607111816,0.006550739288816767
0.9945962666812748,0.005403733318723368
0.9953022999868794,0.00469770001311885
0.9960125021707854,0.003987497829212804
0.9964840925259751,0.003515907474023366
0.997067403742467,0.0029325962575312793
0.9982316597905008,0.001768340209497557
0.9923184519911797,0.007681548008818647
0.9877906882244856,0.012209311775513047
0.9909147942864016,0.009085205713596795
0.9914728802827065,0.008527119717291944
0.9909288506899157,0.009071149310082665
0.9895707647831858,0.010429235216812572
0.9857978552178097,0.014202144782188657
0.9811958272903396,0.018804172709658687
0.9813151681287117,0.018684831871286334
0.9788270753123407,0.021172924687657465
0.9770862369225334,0.02291376307746483
0.978175996590347,0.021824003409651224
0.9726372342756185,0.02736276572437966
0.962627178248871,0.0373728217511273
0.9386598745219356,0.061340125478062606
0.8512299513219163,0.14877004867808213
0.6820855360655608,0.3179144639344376
0.6447652886960298,0.35523471130396844
0.5619745500418211,0.4380254499581772
0.43192696198323416,0.568073038016764
0.2706308606610078,0.7293691393389903
0.15428187854236158,0.8457181214576365
0.0850957992448302,0.9149042007551679
0.026097458324624227,0.9739025416753735
0.01799554277124774,0.98200445722875
9.935301410343462e-07,0.9999990064698567
0.012269437354278696,0.9877305626457188
0.02076302109525676,0.9792369789047406
0.02063457379723175,0.9793654262027658
0.021296718398389935,0.9787032816016076
0.014808295202289799,0.9851917047977079
5.9146744342241854e-08,0.9999999408532533
2.5518828079070044e-07,0.9999997448117168
0.00010324315450728431,0.9998967568454904
0.008544655295514276,0.9914553447044834
0.008730643139937735,0.9912693568600601
0.002031218021086472,0.9979687819789114
0.006356466915601478,0.9936435330843965
0.02308848787952409,0.9769115121204736
0.04424363803931083,0.9557563619606868
0.051371844455645264,0.9486281555443523
0.0545365013567314,0.9454634986432663
0.05060154323222867,0.9493984567677691
0.03225192960317391,0.9677480703968239
0.004045450573940588,0.9959545494260571
6.290970138029494e-05,0.9999370902986174
0.0048350933788476715,0.99516490662115
0.014195555364608047,0.9858044446353895
0.022470358982010802,0.9775296410179868
0.01938610107273468,0.9806138989272628
0.004262590970708361,0.995737409029289
0.018905014918022146,0.9810949850819753
0.021833768415568833,0.9781662315844288
0.020982691268730227,0.9790173087312676
0.00909311873268379,0.9909068812673141
0.013210041945477261,0.9867899580545206
0.02231341965315805,0.97768658034684
0.02809054502884714,0.9719094549711509
0.024552984542795572,0.9754470154572026
0.009525303088160263,0.9904746969118379
1.829664428383502e-08,0.9999999817033539
1.0840599117084745e-06,0.9999989159400866
4.844999896483801e-10,0.9999999995154983
0.001955543238963749,0.9980444567610346
0.0027519901721849097,0.9972480098278136
1.9556785589263903e-08,0.9999999804432128
1.430964996680076e-10,0.9999999998569019
0.0023109186969428263,0.9976890813030557
0.0010821576296683928,0.99891784237033
4.777956521496612e-06,0.9999952220434768
4.433053827216111e-08,0.99999995566946
0.004647483691367903,0.9953525163086305
0.21337745385752438,0.7866225461424742
0.3333735190890744,0.666626480910924
0.5397441857972227,0.4602558142027757
0.6561437063091106,0.3438562936908877
0.7574088801488875,0.2425911198511107
0.8337130144032485,0.16628698559674956
0.8750209013153205,0.12497909868467773
0.8977265253532166,0.10227347464678156
0.9035484088630792,0.09645159113691883
0.8966520832829107,0.10334791671708744
0.9311783565181839,0.06882164348181426
0.9428376690126536,0.05716233098734449
0.942254404687961,0.05774559531203734
0.9404280036992243,0.05957199630077391
0.9294200291103664,0.07057997088963192
0.9105470240379931,0.08945297596200508
0.9014653712255934,0.09853462877440478
0.8961733400538086,0.10382665994618961
0.8713111657033403,0.1286888342966578
0.792844957867323,0.2071550421326751
0.7818994309446293,0.2181005690553687
0.7728092651704193,0.22719073482957866
0.7748140307129344,0.2251859692870634
0.7862499706767007,0.21375002932329706
0.8518932285173927,0.14810677148260507
0.908661391421622,0.09133860857837593
0.9437973136281633,0.056202686371834704
0.9702990801765934,0.02970091982340466
0.9837361038844475,0.016263896115550427
0.9893571354850716,0.010642864514926308
0.9899154199096702,0.010084580090327661
0.9901926719960713,0.009807328003926735
0.9873857759516684,0.012614224048329703
0.9840425737650683,0.015957426234929926
0.9772583200927939,0.02274167990720443
0.966782367228995,0.033217632771003425
0.9554009456060958,0.0445990543939027
0.9751580828103177,0.024841917189680703
0.9867974840391323,0.01320251596086618
0.9907555250295264,0.009244474970472158
0.9950254303121188,0.0049745696878798155
0.9973990740204903,0.002600925979508297
0.9973995350835096,0.0026004649164890125
0.9944780701083358,0.005521929891663169
0.9954385864774059,0.004561413522592988
0.9933938432177888,0.006606156782210119
0.9926565867796554,0.0073434132203433556
0.9909522087267076,0.009047791273291136
0.9935394506894383,0.006460549310560483
0.9949058009967161,0.005094199003282583
0.9954591517233607,0.004540848276637871
0.9950436160294003,0.004956383970598168
0.9925749157984995,0.007425084201499052
0.9901492457994258,0.009850754200572938
0.9883098360660513,0.011690163933947461
0.9866824103067487,0.013317589693249962
0.9785880324172459,0.021411967582752878
0.9016644165808311,0.09833558341916769
0.7720930286799003,0.2279069713200985
0.5294026243098443,0.4705973756901543
1.039360767986423e-06,0.9999989606392307
3.0567939857456955e-09,0.9999999969432048
4.46549307056975e-09,0.9999999955345059
3.175719950898585e-05,0.99996824280049
0.1118711875001991,0.8881288124998
0.11557739710262249,0.8844226028973767
0.20423299898524871,0.7957670010147505
0.2891206061929499,0.7108793938070495
0.30987588250116943,0.6901241174988298
0.5951109141805502,0.4048890858194489
0.7550876804344172,0.24491231956558182
0.8472811655394027,0.15271883446059628
0.8978790779675702,0.10212092203242877
0.9184867037233257,0.08151329627667302
0.9268467419280129,0.0731532580719861
0.928395526733944,0.07160447326605508
0.8654341868090414,0.13456581319095762
0.6322350340423561,0.36776496595764296
0.47335358516927284,0.5266464148307262
0.18821761696064868,0.8117823830393502
0.10676243492927875,0.8932375650707203
0.07918560776744193,0.920814392232557
0.05929918200212354,0.9407008179978753
0.05368046765248672,0.946319532347512
0.03527637405253233,0.9647236259474664
0.02960395631140078,0.970396043688598
0.03883374512912739,0.9611662548708715
0.06621042679807339,0.9337895732019253
3.0333436503046163e-12,0.9999999999969655
0.0016564945006005746,0.9983435054993983
0.00036309863107899,0.99963690136892
0.013346444905224884,0.9866535550947743
0.01351822945556635,0.9864817705444328
0.01298663602634746,0.9870133639736515
6.807304932305365e-07,0.9999993192695057
4.085867885979668e-08,0.99999995914132
0.016036992893176782,0.983963007106822
0.0225175466307138,0.9774824533692852
0.03768537981951221,0.9623146201804865
0.06863370188968707,0.9313662981103117
0.07467883678204071,0.9253211632179581
0.08203315212423473,0.9179668478757642
0.07670984670164042,0.9232901532983585
0.0519224538547243,0.9480775461452746
0.0002771785872966071,0.9997228214127023
2.3086329688621893e-06,0.99999769136703
2.5748591750312423e-09,0.9999999974251397
0.00010254346132121492,0.9998974565386775
8.785446909875963e-14,0.9999999999999108
0.00010963003245097155,0.9998903699675477
0.0001306163081939081,0.9998693836918046
2.4533965914106793e-09,0.9999999975466018
1.6969735642030723e-22,0.9999999999999986
4.513354623747955e-29,0.9999999999999986
2.396914971830503e-13,0.999999999999759
1.7477551837005464e-06,0.9999982522448148
2.828267043588457e-14,0.9999999999999702
0.0001843270689806988,0.999815672931018
0.004309470018184818,0.995690529981814
0.001665324539090954,0.9983346754609079
1.4314434614554043e-09,0.9999999985685555
6.355197061079744e-08,0.9999999364480281
3.002378216307717e-23,0.9999999999999988
9.682785856965294e-22,0.9999999999999988
5.837120050896425e-09,0.9999999941628787
1.2081147390393823e-05,0.9999879188526084
2.5283828468639055e-08,0.9999999747161704
8.801690217103866e-13,0.9999999999991185
9.254475099066139e-15,0.9999999999999892
1.591584096990299e-08,0.9999999840841575
9.343766322436646e-09,0.9999999906562322
1.8001206521341787e-10,0.9999999998199866
7.104542647700815e-09,0.999999992895456
3.063806859915692e-08,0.9999999693619299
2.3191485641167317e-05,0.9999768085143574
4.6188225887791056e-05,0.9999538117741109
4.465218048152864e-06,0.9999955347819506
1.114117475629251e-17,0.9999999999999989
3.134343047668307e-05,0.9999686565695223
1.853267318231076e-07,0.999999814673267
7.206918369686591e-07,0.9999992793081619
9.490246271136918e-13,0.9999999999990499
5.089057558798036e-13,0.9999999999994901
1.0746969506780184e-16,0.999999999999999
7.243585596988285e-14,0.9999999999999267
1.1729252975015112e-07,0.9999998827074693
0.0002259767790269704,0.9997740232209721
3.3163135576822176e-05,0.9999668368644223
2.8084801071881298e-05,0.9999719151989274
1.3192531504327704e-12,0.99999999999868
2.5340772421976355e-12,0.9999999999974652
1.8225107174801676e-13,0.9999999999998169
4.736934979265763e-21,0.9999999999999991
9.256991567917074e-17,0.9999999999999991
2.0785241060556012e-23,0.9999999999999992
6.034696982882501e-22,0.9999999999999991
3.3127828155061345e-13,0.9999999999996678
4.2325669541421165e-05,0.9999576743304577
0.0003636182487011596,0.9996363817512979
9.92229573874317e-07,0.9999990077704252
4.65492157865271e-09,0.9999999953450776
7.014691310344819e-08,0.9999999298530861
4.228121129275587e-08,0.9999999577187879
9.931986997564261e-09,0.9999999900680121
1.845999739094146e-07,0.9999998154000254
0.0005827929840167326,0.9994172070159826
2.5247274917317095e-11,0.999999999974752
0.0013606555189683842,0.998639344481031
0.0020146974604631483,0.9979853025395364
0.004141346503865795,0.995858653496134
5.685825509883538e-06,0.9999943141744899
8.81423021749111e-11,0.9999999999118574
0.00010074949783975182,0.9998992505021602
5.739151329973871e-10,0.9999999994260848
7.82787177271937e-06,0.9999921721282271
8.572941644254329e-15,0.9999999999999915
2.1175881473576503e-05,0.9999788241185263
0.0035224087134684942,0.9964775912865314
0.003260340910466764,0.996739659089533
8.126309730895174e-06,0.999991873690269
2.8076296572963686e-08,0.9999999719237033
0.0010374584326781043,0.9989625415673217
0.004272821533353024,0.9957271784666466
1.1958326497230276e-05,0.9999880416735025
0.000259301783294348,0.9997406982167055
0.04539144888952108,0.9546085511104788
0.0628877682072595,0.9371122317927404
0.07653178042954865,0.9234682195704512
0.11047006883922814,0.889529931160772
0.12409915217746206,0.8759008478225382
0.11457278351528177,0.8854272164847183
9.042616165672371e-08,0.9999999095738386
0.00024635561345121113,0.9997536443865489
0.0012166308645907454,0.9987833691354093
7.446960921223882e-11,0.9999999999255305
7.742510216680858e-11,0.9999999999225749
0.010834069876086663,0.9891659301239132
0.0007667174507306051,0.9992332825492691
0.7263582921301759,0.27364170786982384
0.7659486516065476,0.2340513483934523
0.7504879992324573,0.24951200076754254
0.8657312816281307,0.13426871837186918
0.865582095999805,0.13441790400019504
0.7493623624145158,0.25063763758548424
0.34807359886711,0.65192640113289
0.0075070667970861165,0.992492933202914
0.0015620481406810104,0.9984379518593189
0.00248114417244358,0.9975188558275563
0.005112799848063608,0.9948872001519362
5.095150887618085e-06,0.9999949048491122
7.06115617317883e-05,0.9999293884382681
4.023274994437531e-05,0.9999597672500554
5.603148897439963e-05,0.9999439685110254
3.0388113233165052e-09,0.9999999969611885
0.0010989954267143485,0.9989010045732857
3.073957747481019e-05,0.999969260422525
3.2597478937770693e-07,0.9999996740252105
1.2586807531393448e-07,0.9999998741319245
1.1359996294833435e-05,0.9999886400037049
1.425434616554343e-16,0.9999999999999996
0.0002881035760006611,0.9997118964239988
0.015446670107602457,0.9845533298923972
0.02018885460662206,0.9798111453933774
0.012944776438418865,0.9870552235615806
0.0002502401022731038,0.9997497598977264
5.3478008510363874e-05,0.9999465219914891
3.075143422231708e-06,0.9999969248565773
5.601268683863946e-05,0.9999439873131608
1.201630369487671e-05,0.9999879836963046
2.1110282655079176e-07,0.9999997888971729
2.8413881869397996e-08,0.9999999715861176
0.0001582516242775869,0.9998417483757219
0.001935109082615531,0.998064890917384
1.0610336472882962e-05,0.9999893896635267
0.00040992030037592675,0.9995900796996234
0.0003406053444941782,0.9996593946555054
0.004376649224756815,0.9956233507752426
0.0024988519435551913,0.9975011480564443
0.0005004389420896418,0.9994995610579099
5.678533553773251e-05,0.9999432146644618
5.117410528637903e-06,0.999994882589471
1.7453922811053386e-06,0.9999982546077189
0.0003571209827182231,0.9996428790172818
0.0019923570129674897,0.9980076429870324
4.298956329999921e-05,0.9999570104366999
0.00010378526245710052,0.9998962147375428
3.0427444432497198e-06,0.9999969572555565
1.883445419064585e-07,0.9999998116554579
0.0002097809196633899,0.9997902190803364
0.01245441479493813,0.9875455852050615
2.3573914690782162e-06,0.9999976426085306
2.0729216934792596e-09,0.9999999979270778
0.28521694248055035,0.7147830575194493
0.3940188618130925,0.6059811381869071
0.385461784563515,0.6145382154364847
0.22423149362930297,0.7757685063706966
0.0002821713176436391,0.9997178286823559
0.00011798142690576727,0.9998820185730937
0.02727768374986791,0.9727223162501316
0.02834481578880196,0.9716551842111977
0.015147827423466485,0.9848521725765331
0.001733859605832674,0.998266140394167
0.8984373674555978,0.10156263254440162
0.9892584108563861,0.010741589143613419
0.9982392600993975,0.0017607399006020043
0.9995462795983452,0.0004537204016542923
0.9976648298242351,0.002335170175764384
0.9940439820388236,0.005956017961175871
0.9840499459867073,0.015950054013292282
0.9726001420612957,0.02739985793870366
0.9424115941495503,0.0575884058504489
0.0006251059628082208,0.9993748940371913
0.004754864192581452,0.9952451358074181
0.0001411429027195751,0.9998588570972801
0.00044596664714349825,0.999554033352856
1.9923244864585953e-05,0.9999800767551349
1.1575446827295035e-15,0.9999999999999982
2.4684408850645515e-07,0.9999997531559108
4.702834631527692e-05,0.9999529716536841
0.007014711922383711,0.9929852880776158
0.006694208873788476,0.993305791126211
0.010253332605508814,0.9897466673944908
0.006549454902937901,0.9934505450970615
0.0008910054034841162,0.9991089945965156
0.0042168086636459766,0.9957831913363537
0.0014062907630973075,0.9985937092369024
2.8457180655607012e-05,0.9999715428193442
0.008532545763072323,0.9914674542369275
0.006945174047068703,0.993054825952931
7.679686688085135e-10,0.9999999992320309
1.200290596145474e-13,0.9999999999998795
5.899049696028573e-11,0.9999999999410089
2.4709639548296064e-10,0.9999999997529031
0.031983292848564056,0.9680167071514356
0.045893897854964213,0.9541061021450357
0.00015691830686467053,0.9998430816931352
8.457600276180468e-12,0.9999999999915422
0.0004771142386552947,0.9995228857613446
0.017221682849751153,0.9827783171502487
0.022347907102515094,0.9776520928974847
0.0006727965506999028,0.9993272034492999
0.0028694502340869824,0.9971305497659129
0.0004622919892796146,0.9995377080107202
1.798752363676744e-08,0.9999999820124763
5.5152403466465513e-08,0.9999999448475966
7.347435861252532e-05,0.9999265256413874
5.900464023809135e-08,0.9999999409953598
0.00035813672736898855,0.999641863272631
